"","stockid","stocklong","year","UdivUmsypref","tac_year"
"1","BIGEYEEPAC","Bigeye tuna Eastern Pacific",1975,0.170691,0
"2","BIGEYEEPAC","Bigeye tuna Eastern Pacific",1976,0.377781,0
"3","BIGEYEEPAC","Bigeye tuna Eastern Pacific",1977,0.331495,0
"4","BIGEYEEPAC","Bigeye tuna Eastern Pacific",1978,0.294595,0
"5","BIGEYEEPAC","Bigeye tuna Eastern Pacific",1979,0.393567,0
"6","BIGEYEEPAC","Bigeye tuna Eastern Pacific",1980,0.312253,0
"7","BIGEYEEPAC","Bigeye tuna Eastern Pacific",1981,0.265615,0
"8","BIGEYEEPAC","Bigeye tuna Eastern Pacific",1982,0.294808,0
"9","BIGEYEEPAC","Bigeye tuna Eastern Pacific",1983,0.283761,0
"10","BIGEYEEPAC","Bigeye tuna Eastern Pacific",1984,0.280172,0
"11","BIGEYEEPAC","Bigeye tuna Eastern Pacific",1985,0.204999,0
"12","BIGEYEEPAC","Bigeye tuna Eastern Pacific",1986,0.307442,0
"13","BIGEYEEPAC","Bigeye tuna Eastern Pacific",1987,0.351131,0
"14","BIGEYEEPAC","Bigeye tuna Eastern Pacific",1988,0.390675,0
"15","BIGEYEEPAC","Bigeye tuna Eastern Pacific",1989,0.426916,0
"16","BIGEYEEPAC","Bigeye tuna Eastern Pacific",1990,0.35101,0
"17","BIGEYEEPAC","Bigeye tuna Eastern Pacific",1991,0.438864,0
"18","BIGEYEEPAC","Bigeye tuna Eastern Pacific",1992,0.424807,0
"19","BIGEYEEPAC","Bigeye tuna Eastern Pacific",1993,0.412561,0
"20","BIGEYEEPAC","Bigeye tuna Eastern Pacific",1994,0.534291,0
"21","BIGEYEEPAC","Bigeye tuna Eastern Pacific",1995,0.657719,0
"22","BIGEYEEPAC","Bigeye tuna Eastern Pacific",1996,0.938122,0
"23","BIGEYEEPAC","Bigeye tuna Eastern Pacific",1997,0.849262,0
"24","BIGEYEEPAC","Bigeye tuna Eastern Pacific",1998,1.07129,0
"25","BIGEYEEPAC","Bigeye tuna Eastern Pacific",1999,0.677727,0
"26","BIGEYEEPAC","Bigeye tuna Eastern Pacific",2000,1.2267,0
"27","BIGEYEEPAC","Bigeye tuna Eastern Pacific",2001,0.834666,0
"28","BIGEYEEPAC","Bigeye tuna Eastern Pacific",2002,1.17893,0
"29","BIGEYEEPAC","Bigeye tuna Eastern Pacific",2003,0.860879,0
"30","BIGEYEEPAC","Bigeye tuna Eastern Pacific",2004,0.848144,0
"31","BIGEYEEPAC","Bigeye tuna Eastern Pacific",2005,0.886431,0
"32","BIGEYEEPAC","Bigeye tuna Eastern Pacific",2006,1.05009,0
"33","BIGEYEEPAC","Bigeye tuna Eastern Pacific",2007,0.824796,0
"34","BIGEYEEPAC","Bigeye tuna Eastern Pacific",2008,0.841494,0
"35","BIGEYEEPAC","Bigeye tuna Eastern Pacific",2009,0.738882,0
"36","BIGEYEEPAC","Bigeye tuna Eastern Pacific",2010,0.960936,0
"37","BIGEYEEPAC","Bigeye tuna Eastern Pacific",2011,0.912821,0
"38","BIGEYEEPAC","Bigeye tuna Eastern Pacific",2012,1.00859,0
"39","BLSHARNATL","Blue shark Northern Atlantic",1957,0.0034,0
"40","BLSHARNATL","Blue shark Northern Atlantic",1958,0.0074,0
"41","BLSHARNATL","Blue shark Northern Atlantic",1959,0.0107,0
"42","BLSHARNATL","Blue shark Northern Atlantic",1960,0.011,0
"43","BLSHARNATL","Blue shark Northern Atlantic",1961,0.0117,0
"44","BLSHARNATL","Blue shark Northern Atlantic",1962,0.0264,0
"45","BLSHARNATL","Blue shark Northern Atlantic",1963,0.0316,0
"46","BLSHARNATL","Blue shark Northern Atlantic",1964,0.0462,0
"47","BLSHARNATL","Blue shark Northern Atlantic",1965,0.0455,0
"48","BLSHARNATL","Blue shark Northern Atlantic",1966,0.0355,0
"49","BLSHARNATL","Blue shark Northern Atlantic",1967,0.0336,0
"50","BLSHARNATL","Blue shark Northern Atlantic",1968,0.0353,0
"51","BLSHARNATL","Blue shark Northern Atlantic",1969,0.0356,0
"52","BLSHARNATL","Blue shark Northern Atlantic",1970,0.0449,0
"53","BLSHARNATL","Blue shark Northern Atlantic",1971,0.0707,0
"54","BLSHARNATL","Blue shark Northern Atlantic",1972,0.068,0
"55","BLSHARNATL","Blue shark Northern Atlantic",1973,0.0746,0
"56","BLSHARNATL","Blue shark Northern Atlantic",1974,0.0724,0
"57","BLSHARNATL","Blue shark Northern Atlantic",1975,0.096,0
"58","BLSHARNATL","Blue shark Northern Atlantic",1976,0.0687,0
"59","BLSHARNATL","Blue shark Northern Atlantic",1977,0.0818,0
"60","BLSHARNATL","Blue shark Northern Atlantic",1978,0.1001,0
"61","BLSHARNATL","Blue shark Northern Atlantic",1979,0.0768,0
"62","BLSHARNATL","Blue shark Northern Atlantic",1980,0.1122,0
"63","BLSHARNATL","Blue shark Northern Atlantic",1981,0.1121,0
"64","BLSHARNATL","Blue shark Northern Atlantic",1982,0.1235,0
"65","BLSHARNATL","Blue shark Northern Atlantic",1983,0.1633,0
"66","BLSHARNATL","Blue shark Northern Atlantic",1984,0.1438,0
"67","BLSHARNATL","Blue shark Northern Atlantic",1985,0.1774,0
"68","BLSHARNATL","Blue shark Northern Atlantic",1986,0.2493,0
"69","BLSHARNATL","Blue shark Northern Atlantic",1987,0.3038,0
"70","BLSHARNATL","Blue shark Northern Atlantic",1988,0.289,0
"71","BLSHARNATL","Blue shark Northern Atlantic",1989,0.2166,0
"72","BLSHARNATL","Blue shark Northern Atlantic",1990,0.2057,0
"73","BLSHARNATL","Blue shark Northern Atlantic",1991,0.2167,0
"74","BLSHARNATL","Blue shark Northern Atlantic",1992,0.2198,0
"75","BLSHARNATL","Blue shark Northern Atlantic",1993,0.2645,0
"76","BLSHARNATL","Blue shark Northern Atlantic",1994,0.2295,0
"77","BLSHARNATL","Blue shark Northern Atlantic",1995,0.2487,0
"78","BLSHARNATL","Blue shark Northern Atlantic",1996,0.2343,0
"79","BLSHARNATL","Blue shark Northern Atlantic",1997,0.2265,0
"80","BLSHARNATL","Blue shark Northern Atlantic",1998,0.1902,0
"81","BLSHARNATL","Blue shark Northern Atlantic",1999,0.1778,0
"82","BLSHARNATL","Blue shark Northern Atlantic",2000,0.1861,0
"83","BLSHARNATL","Blue shark Northern Atlantic",2001,0.1468,0
"84","BLSHARNATL","Blue shark Northern Atlantic",2002,0.1319,0
"85","BLSHARNATL","Blue shark Northern Atlantic",2003,0.1533,0
"86","BLSHARNATL","Blue shark Northern Atlantic",2004,0.1482,0
"87","BLSHARNATL","Blue shark Northern Atlantic",2005,0.1538,0
"88","BLSHARNATL","Blue shark Northern Atlantic",2006,0.1473,0
"89","BLSHARNATL","Blue shark Northern Atlantic",2007,0.148,0
"90","BLSHARNATL","Blue shark Northern Atlantic",2008,0.169,0
"91","BLSHARNATL","Blue shark Northern Atlantic",2009,0.199,0
"92","BLSHARNATL","Blue shark Northern Atlantic",2010,0.1962,0
"93","BLSHARNATL","Blue shark Northern Atlantic",2011,0.1978,0
"94","BLSHARNATL","Blue shark Northern Atlantic",2012,0.1882,0
"95","BLSHARSATL","Blue shark South Atlantic",1971,0.0066,0
"96","BLSHARSATL","Blue shark South Atlantic",1972,0.0074,0
"97","BLSHARSATL","Blue shark South Atlantic",1973,0.0088,0
"98","BLSHARSATL","Blue shark South Atlantic",1974,0.006,0
"99","BLSHARSATL","Blue shark South Atlantic",1975,0.0055,0
"100","BLSHARSATL","Blue shark South Atlantic",1976,0.0061,0
"101","BLSHARSATL","Blue shark South Atlantic",1977,0.0106,0
"102","BLSHARSATL","Blue shark South Atlantic",1978,0.0117,0
"103","BLSHARSATL","Blue shark South Atlantic",1979,0.0125,0
"104","BLSHARSATL","Blue shark South Atlantic",1980,0.0139,0
"105","BLSHARSATL","Blue shark South Atlantic",1981,0.0093,0
"106","BLSHARSATL","Blue shark South Atlantic",1982,0.0149,0
"107","BLSHARSATL","Blue shark South Atlantic",1983,0.0073,0
"108","BLSHARSATL","Blue shark South Atlantic",1984,0.0109,0
"109","BLSHARSATL","Blue shark South Atlantic",1985,0.0106,0
"110","BLSHARSATL","Blue shark South Atlantic",1986,0.0132,0
"111","BLSHARSATL","Blue shark South Atlantic",1987,0.0116,0
"112","BLSHARSATL","Blue shark South Atlantic",1988,0.0184,0
"113","BLSHARSATL","Blue shark South Atlantic",1989,0.0231,0
"114","BLSHARSATL","Blue shark South Atlantic",1990,0.0273,0
"115","BLSHARSATL","Blue shark South Atlantic",1991,0.0237,0
"116","BLSHARSATL","Blue shark South Atlantic",1992,0.0254,0
"117","BLSHARSATL","Blue shark South Atlantic",1993,0.0264,0
"118","BLSHARSATL","Blue shark South Atlantic",1994,0.0305,0
"119","BLSHARSATL","Blue shark South Atlantic",1995,0.0319,0
"120","BLSHARSATL","Blue shark South Atlantic",1996,0.0328,0
"121","BLSHARSATL","Blue shark South Atlantic",1997,0.0253,0
"122","BLSHARSATL","Blue shark South Atlantic",1998,0.0235,0
"123","BLSHARSATL","Blue shark South Atlantic",1999,0.0254,0
"124","BLSHARSATL","Blue shark South Atlantic",2000,0.0255,0
"125","BLSHARSATL","Blue shark South Atlantic",2001,0.0231,0
"126","BLSHARSATL","Blue shark South Atlantic",2002,0.0243,0
"127","BLSHARSATL","Blue shark South Atlantic",2003,0.0289,0
"128","BLSHARSATL","Blue shark South Atlantic",2004,0.0238,0
"129","BLSHARSATL","Blue shark South Atlantic",2005,0.0279,0
"130","BLSHARSATL","Blue shark South Atlantic",2006,0.0253,0
"131","BLSHARSATL","Blue shark South Atlantic",2007,0.0273,0
"132","BLSHARSATL","Blue shark South Atlantic",2008,0.0273,0
"133","BLSHARSATL","Blue shark South Atlantic",2009,0.0269,0
"134","BLSHARSATL","Blue shark South Atlantic",2010,0.0327,0
"135","BLSHARSATL","Blue shark South Atlantic",2011,0.0386,0
"136","BLSHARSATL","Blue shark South Atlantic",2012,0.0281,0
"137","BMARLINATL","Blue marlin Atlantic Ocean",1959,0.100578206056644,0
"138","BMARLINATL","Blue marlin Atlantic Ocean",1960,0.337316470483406,0
"139","BMARLINATL","Blue marlin Atlantic Ocean",1961,0.496830148297137,0
"140","BMARLINATL","Blue marlin Atlantic Ocean",1962,0.920264983644051,0
"141","BMARLINATL","Blue marlin Atlantic Ocean",1963,1.24271988340173,0
"142","BMARLINATL","Blue marlin Atlantic Ocean",1964,1.25056905293016,0
"143","BMARLINATL","Blue marlin Atlantic Ocean",1965,1.08721516573245,0
"144","BMARLINATL","Blue marlin Atlantic Ocean",1966,0.747562095469898,0
"145","BMARLINATL","Blue marlin Atlantic Ocean",1967,0.454288002522267,0
"146","BMARLINATL","Blue marlin Atlantic Ocean",1968,0.513617233527332,0
"147","BMARLINATL","Blue marlin Atlantic Ocean",1969,0.655345485330024,0
"148","BMARLINATL","Blue marlin Atlantic Ocean",1970,0.657684535173279,0
"149","BMARLINATL","Blue marlin Atlantic Ocean",1971,0.846536918396357,0
"150","BMARLINATL","Blue marlin Atlantic Ocean",1972,0.657461076543762,0
"151","BMARLINATL","Blue marlin Atlantic Ocean",1973,0.930078731044018,0
"152","BMARLINATL","Blue marlin Atlantic Ocean",1974,0.952306788866532,0
"153","BMARLINATL","Blue marlin Atlantic Ocean",1975,1.09221841757266,0
"154","BMARLINATL","Blue marlin Atlantic Ocean",1976,0.873993692906921,0
"155","BMARLINATL","Blue marlin Atlantic Ocean",1977,0.810872070136864,0
"156","BMARLINATL","Blue marlin Atlantic Ocean",1978,0.610805131202563,0
"157","BMARLINATL","Blue marlin Atlantic Ocean",1979,0.539965914586387,0
"158","BMARLINATL","Blue marlin Atlantic Ocean",1980,0.618185584185118,0
"159","BMARLINATL","Blue marlin Atlantic Ocean",1981,0.655788333697889,0
"160","BMARLINATL","Blue marlin Atlantic Ocean",1982,0.857310438082093,0
"161","BMARLINATL","Blue marlin Atlantic Ocean",1983,0.685805335521065,0
"162","BMARLINATL","Blue marlin Atlantic Ocean",1984,0.926043418357101,0
"163","BMARLINATL","Blue marlin Atlantic Ocean",1985,1.12395070379303,0
"164","BMARLINATL","Blue marlin Atlantic Ocean",1986,0.718562261037319,0
"165","BMARLINATL","Blue marlin Atlantic Ocean",1987,0.763789043359236,0
"166","BMARLINATL","Blue marlin Atlantic Ocean",1988,0.966073785471919,0
"167","BMARLINATL","Blue marlin Atlantic Ocean",1989,1.48342153861084,0
"168","BMARLINATL","Blue marlin Atlantic Ocean",1990,1.72158198948834,0
"169","BMARLINATL","Blue marlin Atlantic Ocean",1991,1.71129209542219,0
"170","BMARLINATL","Blue marlin Atlantic Ocean",1992,1.28208395093945,0
"171","BMARLINATL","Blue marlin Atlantic Ocean",1993,1.22501494781335,0
"172","BMARLINATL","Blue marlin Atlantic Ocean",1994,1.53488028494176,0
"173","BMARLINATL","Blue marlin Atlantic Ocean",1995,1.49279491846401,0
"174","BMARLINATL","Blue marlin Atlantic Ocean",1996,1.87771131670331,0
"175","BMARLINATL","Blue marlin Atlantic Ocean",1997,2.05565669740613,0
"176","BMARLINATL","Blue marlin Atlantic Ocean",1998,2.15610442999922,0
"177","BMARLINATL","Blue marlin Atlantic Ocean",1999,2.14730534478749,0
"178","BMARLINATL","Blue marlin Atlantic Ocean",2000,2.30978780074221,0
"179","BMARLINATL","Blue marlin Atlantic Ocean",2001,2.06715029743075,0
"180","BMARLINATL","Blue marlin Atlantic Ocean",2002,1.92153179131807,0
"181","BMARLINATL","Blue marlin Atlantic Ocean",2003,2.26041811924054,0
"182","BMARLINATL","Blue marlin Atlantic Ocean",2004,1.67985847195068,0
"183","BMARLINATL","Blue marlin Atlantic Ocean",2005,1.7682270956622,0
"184","BMARLINATL","Blue marlin Atlantic Ocean",2006,1.51927697562788,0
"185","BMARLINATL","Blue marlin Atlantic Ocean",2007,2.0090317078407,0
"186","BMARLINATL","Blue marlin Atlantic Ocean",2008,1.80421339289704,0
"187","BMARLINATL","Blue marlin Atlantic Ocean",2009,1.65244105736599,0
"188","BMARLINATL","Blue marlin Atlantic Ocean",2010,1.5064758822894,0
"189","BMARLINATL","Blue marlin Atlantic Ocean",2011,1.42443612580106,0
"190","BMARLINATL","Blue marlin Atlantic Ocean",2012,1.40047640257061,0
"191","IPSAILIO","Indo-Pacific sailfish Indian Ocean",1951,0.017311,0
"192","IPSAILIO","Indo-Pacific sailfish Indian Ocean",1952,0.011,0
"193","IPSAILIO","Indo-Pacific sailfish Indian Ocean",1953,0.0111,0
"194","IPSAILIO","Indo-Pacific sailfish Indian Ocean",1954,0.0155,0
"195","IPSAILIO","Indo-Pacific sailfish Indian Ocean",1955,0.0113,0
"196","IPSAILIO","Indo-Pacific sailfish Indian Ocean",1956,0.0221,0
"197","IPSAILIO","Indo-Pacific sailfish Indian Ocean",1957,0.0265,0
"198","IPSAILIO","Indo-Pacific sailfish Indian Ocean",1958,0.0223,0
"199","IPSAILIO","Indo-Pacific sailfish Indian Ocean",1959,0.0118,0
"200","IPSAILIO","Indo-Pacific sailfish Indian Ocean",1960,0.0225,0
"201","IPSAILIO","Indo-Pacific sailfish Indian Ocean",1961,0.0268,0
"202","IPSAILIO","Indo-Pacific sailfish Indian Ocean",1962,0.0376,0
"203","IPSAILIO","Indo-Pacific sailfish Indian Ocean",1963,0.0313,0
"204","IPSAILIO","Indo-Pacific sailfish Indian Ocean",1964,0.0314,0
"205","IPSAILIO","Indo-Pacific sailfish Indian Ocean",1965,0.023,0
"206","IPSAILIO","Indo-Pacific sailfish Indian Ocean",1966,0.0253,0
"207","IPSAILIO","Indo-Pacific sailfish Indian Ocean",1967,0.0381,0
"208","IPSAILIO","Indo-Pacific sailfish Indian Ocean",1968,0.0404,0
"209","IPSAILIO","Indo-Pacific sailfish Indian Ocean",1969,0.0341,0
"210","IPSAILIO","Indo-Pacific sailfish Indian Ocean",1970,0.0384,0
"211","IPSAILIO","Indo-Pacific sailfish Indian Ocean",1971,0.0322,0
"212","IPSAILIO","Indo-Pacific sailfish Indian Ocean",1972,0.0323,0
"213","IPSAILIO","Indo-Pacific sailfish Indian Ocean",1973,0.026,0
"214","IPSAILIO","Indo-Pacific sailfish Indian Ocean",1974,0.0282,0
"215","IPSAILIO","Indo-Pacific sailfish Indian Ocean",1975,0.0326,0
"216","IPSAILIO","Indo-Pacific sailfish Indian Ocean",1976,0.0391,0
"217","IPSAILIO","Indo-Pacific sailfish Indian Ocean",1977,0.0434,0
"218","IPSAILIO","Indo-Pacific sailfish Indian Ocean",1978,0.0478,0
"219","IPSAILIO","Indo-Pacific sailfish Indian Ocean",1979,0.0437,0
"220","IPSAILIO","Indo-Pacific sailfish Indian Ocean",1980,0.0416,0
"221","IPSAILIO","Indo-Pacific sailfish Indian Ocean",1981,0.046,0
"222","IPSAILIO","Indo-Pacific sailfish Indian Ocean",1982,0.0504,0
"223","IPSAILIO","Indo-Pacific sailfish Indian Ocean",1983,0.0929,0
"224","IPSAILIO","Indo-Pacific sailfish Indian Ocean",1984,0.0761,0
"225","IPSAILIO","Indo-Pacific sailfish Indian Ocean",1985,0.0762,0
"226","IPSAILIO","Indo-Pacific sailfish Indian Ocean",1986,0.0742,0
"227","IPSAILIO","Indo-Pacific sailfish Indian Ocean",1987,0.0764,0
"228","IPSAILIO","Indo-Pacific sailfish Indian Ocean",1988,0.0935,0
"229","IPSAILIO","Indo-Pacific sailfish Indian Ocean",1989,0.1234,0
"230","IPSAILIO","Indo-Pacific sailfish Indian Ocean",1990,0.1192,0
"231","IPSAILIO","Indo-Pacific sailfish Indian Ocean",1991,0.1236,0
"232","IPSAILIO","Indo-Pacific sailfish Indian Ocean",1992,0.1237,0
"233","IPSAILIO","Indo-Pacific sailfish Indian Ocean",1993,0.1875,0
"234","IPSAILIO","Indo-Pacific sailfish Indian Ocean",1994,0.1876,0
"235","IPSAILIO","Indo-Pacific sailfish Indian Ocean",1995,0.2366,0
"236","IPSAILIO","Indo-Pacific sailfish Indian Ocean",1996,0.292,0
"237","IPSAILIO","Indo-Pacific sailfish Indian Ocean",1997,0.3134,0
"238","IPSAILIO","Indo-Pacific sailfish Indian Ocean",1998,0.3347,0
"239","IPSAILIO","Indo-Pacific sailfish Indian Ocean",1999,0.2859,0
"240","IPSAILIO","Indo-Pacific sailfish Indian Ocean",2000,0.2946,0
"241","IPSAILIO","Indo-Pacific sailfish Indian Ocean",2001,0.3754,0
"242","IPSAILIO","Indo-Pacific sailfish Indian Ocean",2002,0.3585,0
"243","IPSAILIO","Indo-Pacific sailfish Indian Ocean",2003,0.3523,0
"244","IPSAILIO","Indo-Pacific sailfish Indian Ocean",2004,0.431,0
"245","IPSAILIO","Indo-Pacific sailfish Indian Ocean",2005,0.5267,0
"246","IPSAILIO","Indo-Pacific sailfish Indian Ocean",2006,0.4163,0
"247","IPSAILIO","Indo-Pacific sailfish Indian Ocean",2007,0.4781,0
"248","IPSAILIO","Indo-Pacific sailfish Indian Ocean",2008,0.5335,0
"249","IPSAILIO","Indo-Pacific sailfish Indian Ocean",2009,0.5676,0
"250","IPSAILIO","Indo-Pacific sailfish Indian Ocean",2010,0.7165,0
"251","IPSAILIO","Indo-Pacific sailfish Indian Ocean",2011,0.7909,0
"252","IPSAILIO","Indo-Pacific sailfish Indian Ocean",2012,0.7592,0
"253","SFMAKONATL","Shortfin mako Northern Atlantic",1950,0.064,0
"254","SFMAKONATL","Shortfin mako Northern Atlantic",1951,0.043,0
"255","SFMAKONATL","Shortfin mako Northern Atlantic",1952,0.043,0
"256","SFMAKONATL","Shortfin mako Northern Atlantic",1953,0.053,0
"257","SFMAKONATL","Shortfin mako Northern Atlantic",1954,0.013,0
"258","SFMAKONATL","Shortfin mako Northern Atlantic",1955,0.027,0
"259","SFMAKONATL","Shortfin mako Northern Atlantic",1956,0.017,0
"260","SFMAKONATL","Shortfin mako Northern Atlantic",1957,0.044,0
"261","SFMAKONATL","Shortfin mako Northern Atlantic",1958,0.037,0
"262","SFMAKONATL","Shortfin mako Northern Atlantic",1959,0.049,0
"263","SFMAKONATL","Shortfin mako Northern Atlantic",1960,0.032,0
"264","SFMAKONATL","Shortfin mako Northern Atlantic",1961,0.078,0
"265","SFMAKONATL","Shortfin mako Northern Atlantic",1962,0.107,0
"266","SFMAKONATL","Shortfin mako Northern Atlantic",1963,0.047,0
"267","SFMAKONATL","Shortfin mako Northern Atlantic",1964,0.087,0
"268","SFMAKONATL","Shortfin mako Northern Atlantic",1965,0.069,0
"269","SFMAKONATL","Shortfin mako Northern Atlantic",1966,0.138,0
"270","SFMAKONATL","Shortfin mako Northern Atlantic",1967,0.124,0
"271","SFMAKONATL","Shortfin mako Northern Atlantic",1968,0.164,0
"272","SFMAKONATL","Shortfin mako Northern Atlantic",1969,0.163,0
"273","SFMAKONATL","Shortfin mako Northern Atlantic",1970,0.148,0
"274","SFMAKONATL","Shortfin mako Northern Atlantic",1971,0.205,0
"275","SFMAKONATL","Shortfin mako Northern Atlantic",1972,0.197,0
"276","SFMAKONATL","Shortfin mako Northern Atlantic",1973,0.202,0
"277","SFMAKONATL","Shortfin mako Northern Atlantic",1974,0.259,0
"278","SFMAKONATL","Shortfin mako Northern Atlantic",1975,0.315,0
"279","SFMAKONATL","Shortfin mako Northern Atlantic",1976,0.167,0
"280","SFMAKONATL","Shortfin mako Northern Atlantic",1977,0.249,0
"281","SFMAKONATL","Shortfin mako Northern Atlantic",1978,0.231,0
"282","SFMAKONATL","Shortfin mako Northern Atlantic",1979,0.222,0
"283","SFMAKONATL","Shortfin mako Northern Atlantic",1980,0.33,0
"284","SFMAKONATL","Shortfin mako Northern Atlantic",1981,0.532,0
"285","SFMAKONATL","Shortfin mako Northern Atlantic",1982,0.598,0
"286","SFMAKONATL","Shortfin mako Northern Atlantic",1983,0.666,0
"287","SFMAKONATL","Shortfin mako Northern Atlantic",1984,0.702,0
"288","SFMAKONATL","Shortfin mako Northern Atlantic",1985,1.549,0
"289","SFMAKONATL","Shortfin mako Northern Atlantic",1986,2.128,0
"290","SFMAKONATL","Shortfin mako Northern Atlantic",1987,2.199,0
"291","SFMAKONATL","Shortfin mako Northern Atlantic",1988,1.979,0
"292","SFMAKONATL","Shortfin mako Northern Atlantic",1989,1.466,0
"293","SFMAKONATL","Shortfin mako Northern Atlantic",1990,1.813,0
"294","SFMAKONATL","Shortfin mako Northern Atlantic",1991,1.869,0
"295","SFMAKONATL","Shortfin mako Northern Atlantic",1992,2.67,0
"296","SFMAKONATL","Shortfin mako Northern Atlantic",1993,3.556,0
"297","SFMAKONATL","Shortfin mako Northern Atlantic",1994,3.542,0
"298","SFMAKONATL","Shortfin mako Northern Atlantic",1995,4.887,0
"299","SFMAKONATL","Shortfin mako Northern Atlantic",1996,6.227,0
"300","SFMAKONATL","Shortfin mako Northern Atlantic",1997,4.828,0
"301","SFMAKONATL","Shortfin mako Northern Atlantic",1998,5.126,0
"302","SFMAKONATL","Shortfin mako Northern Atlantic",1999,4.17,0
"303","SFMAKONATL","Shortfin mako Northern Atlantic",2000,3.525,0
"304","SFMAKONATL","Shortfin mako Northern Atlantic",2001,3.653,0
"305","SFMAKONATL","Shortfin mako Northern Atlantic",2002,4.143,0
"306","SFMAKONATL","Shortfin mako Northern Atlantic",2003,4.599,0
"307","SFMAKONATL","Shortfin mako Northern Atlantic",2004,4.228,0
"308","SFMAKONATL","Shortfin mako Northern Atlantic",2005,3.892,0
"309","SFMAKONATL","Shortfin mako Northern Atlantic",2006,3.589,0
"310","SFMAKONATL","Shortfin mako Northern Atlantic",2007,3.964,0
"311","SFMAKONATL","Shortfin mako Northern Atlantic",2008,3.493,0
"312","SFMAKONATL","Shortfin mako Northern Atlantic",2009,4.268,0
"313","SFMAKONATL","Shortfin mako Northern Atlantic",2010,4.748,0
"314","SFMAKONATL","Shortfin mako Northern Atlantic",2011,3.971,0
"315","SFMAKONATL","Shortfin mako Northern Atlantic",2012,5.054,0
"316","SFMAKOSATL","Shortfin mako South Atlantic",1971,0.042,0
"317","SFMAKOSATL","Shortfin mako South Atlantic",1972,0.026,0
"318","SFMAKOSATL","Shortfin mako South Atlantic",1973,0.093,0
"319","SFMAKOSATL","Shortfin mako South Atlantic",1974,0.03,0
"320","SFMAKOSATL","Shortfin mako South Atlantic",1975,0.034,0
"321","SFMAKOSATL","Shortfin mako South Atlantic",1976,0.014,0
"322","SFMAKOSATL","Shortfin mako South Atlantic",1977,0.114,0
"323","SFMAKOSATL","Shortfin mako South Atlantic",1978,0.078,0
"324","SFMAKOSATL","Shortfin mako South Atlantic",1979,0.139,0
"325","SFMAKOSATL","Shortfin mako South Atlantic",1980,0.151,0
"326","SFMAKOSATL","Shortfin mako South Atlantic",1981,0.176,0
"327","SFMAKOSATL","Shortfin mako South Atlantic",1982,0.458,0
"328","SFMAKOSATL","Shortfin mako South Atlantic",1983,0.243,0
"329","SFMAKOSATL","Shortfin mako South Atlantic",1984,0.355,0
"330","SFMAKOSATL","Shortfin mako South Atlantic",1985,0.374,0
"331","SFMAKOSATL","Shortfin mako South Atlantic",1986,0.286,0
"332","SFMAKOSATL","Shortfin mako South Atlantic",1987,0.177,0
"333","SFMAKOSATL","Shortfin mako South Atlantic",1988,0.458,0
"334","SFMAKOSATL","Shortfin mako South Atlantic",1989,0.662,0
"335","SFMAKOSATL","Shortfin mako South Atlantic",1990,0.523,0
"336","SFMAKOSATL","Shortfin mako South Atlantic",1991,0.433,0
"337","SFMAKOSATL","Shortfin mako South Atlantic",1992,0.466,0
"338","SFMAKOSATL","Shortfin mako South Atlantic",1993,0.667,0
"339","SFMAKOSATL","Shortfin mako South Atlantic",1994,0.82,0
"340","SFMAKOSATL","Shortfin mako South Atlantic",1995,1.17,0
"341","SFMAKOSATL","Shortfin mako South Atlantic",1996,0.938,0
"342","SFMAKOSATL","Shortfin mako South Atlantic",1997,0.896,0
"343","SFMAKOSATL","Shortfin mako South Atlantic",1998,0.823,0
"344","SFMAKOSATL","Shortfin mako South Atlantic",1999,0.659,0
"345","SFMAKOSATL","Shortfin mako South Atlantic",2000,1.023,0
"346","SFMAKOSATL","Shortfin mako South Atlantic",2001,0.808,0
"347","SFMAKOSATL","Shortfin mako South Atlantic",2002,0.786,0
"348","SFMAKOSATL","Shortfin mako South Atlantic",2003,1.183,0
"349","SFMAKOSATL","Shortfin mako South Atlantic",2004,0.93,0
"350","SFMAKOSATL","Shortfin mako South Atlantic",2005,1.202,0
"351","SFMAKOSATL","Shortfin mako South Atlantic",2006,1.128,0
"352","SFMAKOSATL","Shortfin mako South Atlantic",2007,1.041,0
"353","SFMAKOSATL","Shortfin mako South Atlantic",2008,0.706,0
"354","SFMAKOSATL","Shortfin mako South Atlantic",2009,0.736,0
"355","SFMAKOSATL","Shortfin mako South Atlantic",2010,0.863,0
"356","SFMAKOSATL","Shortfin mako South Atlantic",2011,1.108,0
"357","SFMAKOSATL","Shortfin mako South Atlantic",2012,0.997,0
"358","SKJCWPAC","Skipjack tuna Central Western Pacific Ocean",1972,0.053966482,0
"359","SKJCWPAC","Skipjack tuna Central Western Pacific Ocean",1973,0.062527685,0
"360","SKJCWPAC","Skipjack tuna Central Western Pacific Ocean",1974,0.072485232,0
"361","SKJCWPAC","Skipjack tuna Central Western Pacific Ocean",1975,0.069025602,0
"362","SKJCWPAC","Skipjack tuna Central Western Pacific Ocean",1976,0.082920093,0
"363","SKJCWPAC","Skipjack tuna Central Western Pacific Ocean",1977,0.090950602,0
"364","SKJCWPAC","Skipjack tuna Central Western Pacific Ocean",1978,0.094748241,0
"365","SKJCWPAC","Skipjack tuna Central Western Pacific Ocean",1979,0.089891157,0
"366","SKJCWPAC","Skipjack tuna Central Western Pacific Ocean",1980,0.100245324,0
"367","SKJCWPAC","Skipjack tuna Central Western Pacific Ocean",1981,0.104307083,0
"368","SKJCWPAC","Skipjack tuna Central Western Pacific Ocean",1982,0.111665787,0
"369","SKJCWPAC","Skipjack tuna Central Western Pacific Ocean",1983,0.121067407,0
"370","SKJCWPAC","Skipjack tuna Central Western Pacific Ocean",1984,0.137836806,0
"371","SKJCWPAC","Skipjack tuna Central Western Pacific Ocean",1985,0.113078657,0
"372","SKJCWPAC","Skipjack tuna Central Western Pacific Ocean",1986,0.120660602,0
"373","SKJCWPAC","Skipjack tuna Central Western Pacific Ocean",1987,0.109248102,0
"374","SKJCWPAC","Skipjack tuna Central Western Pacific Ocean",1988,0.131995556,0
"375","SKJCWPAC","Skipjack tuna Central Western Pacific Ocean",1989,0.152895556,0
"376","SKJCWPAC","Skipjack tuna Central Western Pacific Ocean",1990,0.184389167,0
"377","SKJCWPAC","Skipjack tuna Central Western Pacific Ocean",1991,0.226168519,0
"378","SKJCWPAC","Skipjack tuna Central Western Pacific Ocean",1992,0.213114861,0
"379","SKJCWPAC","Skipjack tuna Central Western Pacific Ocean",1993,0.200219907,0
"380","SKJCWPAC","Skipjack tuna Central Western Pacific Ocean",1994,0.187719444,0
"381","SKJCWPAC","Skipjack tuna Central Western Pacific Ocean",1995,0.19043088,0
"382","SKJCWPAC","Skipjack tuna Central Western Pacific Ocean",1996,0.196018519,0
"383","SKJCWPAC","Skipjack tuna Central Western Pacific Ocean",1997,0.194140324,0
"384","SKJCWPAC","Skipjack tuna Central Western Pacific Ocean",1998,0.241016204,0
"385","SKJCWPAC","Skipjack tuna Central Western Pacific Ocean",1999,0.219736111,0
"386","SKJCWPAC","Skipjack tuna Central Western Pacific Ocean",2000,0.227372222,0
"387","SKJCWPAC","Skipjack tuna Central Western Pacific Ocean",2001,0.218012963,0
"388","SKJCWPAC","Skipjack tuna Central Western Pacific Ocean",2002,0.24664213,0
"389","SKJCWPAC","Skipjack tuna Central Western Pacific Ocean",2003,0.275462963,0
"390","SKJCWPAC","Skipjack tuna Central Western Pacific Ocean",2004,0.27822037,0
"391","SKJCWPAC","Skipjack tuna Central Western Pacific Ocean",2005,0.257536111,0
"392","SKJCWPAC","Skipjack tuna Central Western Pacific Ocean",2006,0.266875926,0
"393","SKJCWPAC","Skipjack tuna Central Western Pacific Ocean",2007,0.293489352,0
"394","SKJCWPAC","Skipjack tuna Central Western Pacific Ocean",2008,0.339994444,0
"395","SKJCWPAC","Skipjack tuna Central Western Pacific Ocean",2009,0.44750787,0
"396","SKJCWPAC","Skipjack tuna Central Western Pacific Ocean",2010,0.424656944,0
"397","SKJCWPAC","Skipjack tuna Central Western Pacific Ocean",2011,0.419879167,0
"398","SKJCWPAC","Skipjack tuna Central Western Pacific Ocean",2012,0.407436574,0
"399","SKJWATL","Skipjack tuna Western Atlantic",1950,0,0
"400","SKJWATL","Skipjack tuna Western Atlantic",1951,0,0
"401","SKJWATL","Skipjack tuna Western Atlantic",1952,0.01955,0
"402","SKJWATL","Skipjack tuna Western Atlantic",1953,0.02045,0
"403","SKJWATL","Skipjack tuna Western Atlantic",1954,0.02189,0
"404","SKJWATL","Skipjack tuna Western Atlantic",1955,0.02232,0
"405","SKJWATL","Skipjack tuna Western Atlantic",1956,0.02405,0
"406","SKJWATL","Skipjack tuna Western Atlantic",1957,0.03136,0
"407","SKJWATL","Skipjack tuna Western Atlantic",1958,0.02646,0
"408","SKJWATL","Skipjack tuna Western Atlantic",1959,0.02935,0
"409","SKJWATL","Skipjack tuna Western Atlantic",1960,0.05273,0
"410","SKJWATL","Skipjack tuna Western Atlantic",1961,0.05349,0
"411","SKJWATL","Skipjack tuna Western Atlantic",1962,0.03248,0
"412","SKJWATL","Skipjack tuna Western Atlantic",1963,0.06434,0
"413","SKJWATL","Skipjack tuna Western Atlantic",1964,0.08292,0
"414","SKJWATL","Skipjack tuna Western Atlantic",1965,0.02503,0
"415","SKJWATL","Skipjack tuna Western Atlantic",1966,0.02875,0
"416","SKJWATL","Skipjack tuna Western Atlantic",1967,0.04498,0
"417","SKJWATL","Skipjack tuna Western Atlantic",1968,0.04272,0
"418","SKJWATL","Skipjack tuna Western Atlantic",1969,0.02991,0
"419","SKJWATL","Skipjack tuna Western Atlantic",1970,0.03989,0
"420","SKJWATL","Skipjack tuna Western Atlantic",1971,0.03202,0
"421","SKJWATL","Skipjack tuna Western Atlantic",1972,0.0478,0
"422","SKJWATL","Skipjack tuna Western Atlantic",1973,0.04693,0
"423","SKJWATL","Skipjack tuna Western Atlantic",1974,0.05689,0
"424","SKJWATL","Skipjack tuna Western Atlantic",1975,0.05798,0
"425","SKJWATL","Skipjack tuna Western Atlantic",1976,0.06152,0
"426","SKJWATL","Skipjack tuna Western Atlantic",1977,0.05463,0
"427","SKJWATL","Skipjack tuna Western Atlantic",1978,0.1195,0
"428","SKJWATL","Skipjack tuna Western Atlantic",1979,0.11,0
"429","SKJWATL","Skipjack tuna Western Atlantic",1980,0.2141,0
"430","SKJWATL","Skipjack tuna Western Atlantic",1981,0.4371,0
"431","SKJWATL","Skipjack tuna Western Atlantic",1982,0.713,0
"432","SKJWATL","Skipjack tuna Western Atlantic",1983,0.786,0
"433","SKJWATL","Skipjack tuna Western Atlantic",1984,0.98,0
"434","SKJWATL","Skipjack tuna Western Atlantic",1985,1.427,0
"435","SKJWATL","Skipjack tuna Western Atlantic",1986,1.451,0
"436","SKJWATL","Skipjack tuna Western Atlantic",1987,1.014,0
"437","SKJWATL","Skipjack tuna Western Atlantic",1988,0.7603,0
"438","SKJWATL","Skipjack tuna Western Atlantic",1989,0.7037,0
"439","SKJWATL","Skipjack tuna Western Atlantic",1990,0.636,0
"440","SKJWATL","Skipjack tuna Western Atlantic",1991,0.8433,0
"441","SKJWATL","Skipjack tuna Western Atlantic",1992,0.7913,0
"442","SKJWATL","Skipjack tuna Western Atlantic",1993,0.908,0
"443","SKJWATL","Skipjack tuna Western Atlantic",1994,0.827,0
"444","SKJWATL","Skipjack tuna Western Atlantic",1995,0.5323,0
"445","SKJWATL","Skipjack tuna Western Atlantic",1996,0.6312,0
"446","SKJWATL","Skipjack tuna Western Atlantic",1997,0.7669,0
"447","SKJWATL","Skipjack tuna Western Atlantic",1998,0.7235,0
"448","SKJWATL","Skipjack tuna Western Atlantic",1999,0.6641,0
"449","SKJWATL","Skipjack tuna Western Atlantic",2000,0.7055,0
"450","SKJWATL","Skipjack tuna Western Atlantic",2001,0.7898,0
"451","SKJWATL","Skipjack tuna Western Atlantic",2002,0.5037,0
"452","SKJWATL","Skipjack tuna Western Atlantic",2003,0.5407,0
"453","SKJWATL","Skipjack tuna Western Atlantic",2004,0.6106,0
"454","SKJWATL","Skipjack tuna Western Atlantic",2005,0.656,0
"455","SKJWATL","Skipjack tuna Western Atlantic",2006,0.6091,0
"456","SKJWATL","Skipjack tuna Western Atlantic",2007,0.5729,0
"457","SKJWATL","Skipjack tuna Western Atlantic",2008,0.4732,0
"458","SKJWATL","Skipjack tuna Western Atlantic",2009,0.5522,0
"459","SKJWATL","Skipjack tuna Western Atlantic",2010,0.4899,0
"460","SKJWATL","Skipjack tuna Western Atlantic",2011,0.7411,0
"461","SKJWATL","Skipjack tuna Western Atlantic",2012,0.8337,0
"462","STMARLINIO","Striped marlin Indian Ocean",1950,8.03549266276302e-05,0
"463","STMARLINIO","Striped marlin Indian Ocean",1951,0.00048214345427632,0
"464","STMARLINIO","Striped marlin Indian Ocean",1952,0.00684248481834848,0
"465","STMARLINIO","Striped marlin Indian Ocean",1953,0.0220576409363687,0
"466","STMARLINIO","Striped marlin Indian Ocean",1954,0.0659217862062923,0
"467","STMARLINIO","Striped marlin Indian Ocean",1955,0.0701968867438189,0
"468","STMARLINIO","Striped marlin Indian Ocean",1956,0.156675959181857,0
"469","STMARLINIO","Striped marlin Indian Ocean",1957,0.159671271320686,0
"470","STMARLINIO","Striped marlin Indian Ocean",1958,0.161817076263671,0
"471","STMARLINIO","Striped marlin Indian Ocean",1959,0.217204151435749,0
"472","STMARLINIO","Striped marlin Indian Ocean",1960,0.201858036608263,0
"473","STMARLINIO","Striped marlin Indian Ocean",1961,0.241414604233327,0
"474","STMARLINIO","Striped marlin Indian Ocean",1962,0.182095913748764,0
"475","STMARLINIO","Striped marlin Indian Ocean",1963,0.164342456119137,0
"476","STMARLINIO","Striped marlin Indian Ocean",1964,0.181230134732221,0
"477","STMARLINIO","Striped marlin Indian Ocean",1965,0.309649510314716,0
"478","STMARLINIO","Striped marlin Indian Ocean",1966,0.397692188647841,0
"479","STMARLINIO","Striped marlin Indian Ocean",1967,0.443436709582143,0
"480","STMARLINIO","Striped marlin Indian Ocean",1968,0.32681077398867,0
"481","STMARLINIO","Striped marlin Indian Ocean",1969,0.409242444139118,0
"482","STMARLINIO","Striped marlin Indian Ocean",1970,0.350479284250623,0
"483","STMARLINIO","Striped marlin Indian Ocean",1971,0.20290078247172,0
"484","STMARLINIO","Striped marlin Indian Ocean",1972,0.16630408621737,0
"485","STMARLINIO","Striped marlin Indian Ocean",1973,0.114943146653202,0
"486","STMARLINIO","Striped marlin Indian Ocean",1974,0.235494805299962,0
"487","STMARLINIO","Striped marlin Indian Ocean",1975,0.185766515189049,0
"488","STMARLINIO","Striped marlin Indian Ocean",1976,0.225486274187521,0
"489","STMARLINIO","Striped marlin Indian Ocean",1977,0.345170420540067,0
"490","STMARLINIO","Striped marlin Indian Ocean",1978,0.535762936468626,0
"491","STMARLINIO","Striped marlin Indian Ocean",1979,0.371889839447667,0
"492","STMARLINIO","Striped marlin Indian Ocean",1980,0.535308787730428,0
"493","STMARLINIO","Striped marlin Indian Ocean",1981,0.62017324047202,0
"494","STMARLINIO","Striped marlin Indian Ocean",1982,0.352285464231593,0
"495","STMARLINIO","Striped marlin Indian Ocean",1983,0.493187508415324,0
"496","STMARLINIO","Striped marlin Indian Ocean",1984,0.503930119564616,0
"497","STMARLINIO","Striped marlin Indian Ocean",1985,0.648821153882792,0
"498","STMARLINIO","Striped marlin Indian Ocean",1986,1.05895420148743,0
"499","STMARLINIO","Striped marlin Indian Ocean",1987,1.22095549750975,0
"500","STMARLINIO","Striped marlin Indian Ocean",1988,1.08291265952094,0
"501","STMARLINIO","Striped marlin Indian Ocean",1989,1.00841682294891,0
"502","STMARLINIO","Striped marlin Indian Ocean",1990,0.631652243629273,0
"503","STMARLINIO","Striped marlin Indian Ocean",1991,0.844988355515562,0
"504","STMARLINIO","Striped marlin Indian Ocean",1992,0.71281675266722,0
"505","STMARLINIO","Striped marlin Indian Ocean",1993,1.68097717719272,0
"506","STMARLINIO","Striped marlin Indian Ocean",1994,1.14022345978887,0
"507","STMARLINIO","Striped marlin Indian Ocean",1995,1.5101530332786,0
"508","STMARLINIO","Striped marlin Indian Ocean",1996,1.6135127183584,0
"509","STMARLINIO","Striped marlin Indian Ocean",1997,1.41084251685872,0
"510","STMARLINIO","Striped marlin Indian Ocean",1998,1.68647905044374,0
"511","STMARLINIO","Striped marlin Indian Ocean",1999,1.57107551412116,0
"512","STMARLINIO","Striped marlin Indian Ocean",2000,1.55619895647972,0
"513","STMARLINIO","Striped marlin Indian Ocean",2001,1.35413222255236,0
"514","STMARLINIO","Striped marlin Indian Ocean",2002,1.36231193331832,0
"515","STMARLINIO","Striped marlin Indian Ocean",2003,1.37609186882625,0
"516","STMARLINIO","Striped marlin Indian Ocean",2004,2.01387429814381,0
"517","STMARLINIO","Striped marlin Indian Ocean",2005,1.7156877536413,0
"518","STMARLINIO","Striped marlin Indian Ocean",2006,2.04080161105064,0
"519","STMARLINIO","Striped marlin Indian Ocean",2007,1.76086846316593,0
"520","STMARLINIO","Striped marlin Indian Ocean",2008,1.72511263968803,0
"521","STMARLINIO","Striped marlin Indian Ocean",2009,1.65466770591997,0
"522","STMARLINIO","Striped marlin Indian Ocean",2010,1.59043355369082,0
"523","STMARLINIO","Striped marlin Indian Ocean",2011,1.62546929973594,0
"524","STMARLINIO","Striped marlin Indian Ocean",2012,2.2850139780741,0
"525","STMARLINSWPO","Striped marlin Western Pacific Ocean",1951,0.009216537,0
"526","STMARLINSWPO","Striped marlin Western Pacific Ocean",1952,0.146177997,0
"527","STMARLINSWPO","Striped marlin Western Pacific Ocean",1953,0.793914733,0
"528","STMARLINSWPO","Striped marlin Western Pacific Ocean",1954,0.441587433,0
"529","STMARLINSWPO","Striped marlin Western Pacific Ocean",1955,0.4226438,0
"530","STMARLINSWPO","Striped marlin Western Pacific Ocean",1956,0.4087492,0
"531","STMARLINSWPO","Striped marlin Western Pacific Ocean",1957,0.6560762,0
"532","STMARLINSWPO","Striped marlin Western Pacific Ocean",1958,0.5067966,0
"533","STMARLINSWPO","Striped marlin Western Pacific Ocean",1959,0.531376067,0
"534","STMARLINSWPO","Striped marlin Western Pacific Ocean",1960,0.8400031,0
"535","STMARLINSWPO","Striped marlin Western Pacific Ocean",1961,0.761500933,0
"536","STMARLINSWPO","Striped marlin Western Pacific Ocean",1962,0.861488833,0
"537","STMARLINSWPO","Striped marlin Western Pacific Ocean",1963,0.486338667,0
"538","STMARLINSWPO","Striped marlin Western Pacific Ocean",1964,0.652681467,0
"539","STMARLINSWPO","Striped marlin Western Pacific Ocean",1965,0.8114939,0
"540","STMARLINSWPO","Striped marlin Western Pacific Ocean",1966,0.574957967,0
"541","STMARLINSWPO","Striped marlin Western Pacific Ocean",1967,0.465427267,0
"542","STMARLINSWPO","Striped marlin Western Pacific Ocean",1968,0.4000439,0
"543","STMARLINSWPO","Striped marlin Western Pacific Ocean",1969,0.787993267,0
"544","STMARLINSWPO","Striped marlin Western Pacific Ocean",1970,0.917532433,0
"545","STMARLINSWPO","Striped marlin Western Pacific Ocean",1971,0.9986817,0
"546","STMARLINSWPO","Striped marlin Western Pacific Ocean",1972,0.967714733,0
"547","STMARLINSWPO","Striped marlin Western Pacific Ocean",1973,0.867515533,0
"548","STMARLINSWPO","Striped marlin Western Pacific Ocean",1974,0.682789467,0
"549","STMARLINSWPO","Striped marlin Western Pacific Ocean",1975,0.672624433,0
"550","STMARLINSWPO","Striped marlin Western Pacific Ocean",1976,0.382755233,0
"551","STMARLINSWPO","Striped marlin Western Pacific Ocean",1977,0.861153367,0
"552","STMARLINSWPO","Striped marlin Western Pacific Ocean",1978,0.790559167,0
"553","STMARLINSWPO","Striped marlin Western Pacific Ocean",1979,0.536271167,0
"554","STMARLINSWPO","Striped marlin Western Pacific Ocean",1980,1.056645933,0
"555","STMARLINSWPO","Striped marlin Western Pacific Ocean",1981,1.129137033,0
"556","STMARLINSWPO","Striped marlin Western Pacific Ocean",1982,0.748791533,0
"557","STMARLINSWPO","Striped marlin Western Pacific Ocean",1983,0.842619167,0
"558","STMARLINSWPO","Striped marlin Western Pacific Ocean",1984,0.957200267,0
"559","STMARLINSWPO","Striped marlin Western Pacific Ocean",1985,0.9145188,0
"560","STMARLINSWPO","Striped marlin Western Pacific Ocean",1986,0.784137067,0
"561","STMARLINSWPO","Striped marlin Western Pacific Ocean",1987,0.889748967,0
"562","STMARLINSWPO","Striped marlin Western Pacific Ocean",1988,1.229577033,0
"563","STMARLINSWPO","Striped marlin Western Pacific Ocean",1989,1.0645675,0
"564","STMARLINSWPO","Striped marlin Western Pacific Ocean",1990,0.9178578,0
"565","STMARLINSWPO","Striped marlin Western Pacific Ocean",1991,0.752123567,0
"566","STMARLINSWPO","Striped marlin Western Pacific Ocean",1992,0.734588067,0
"567","STMARLINSWPO","Striped marlin Western Pacific Ocean",1993,1.0728078,0
"568","STMARLINSWPO","Striped marlin Western Pacific Ocean",1994,1.031907233,0
"569","STMARLINSWPO","Striped marlin Western Pacific Ocean",1995,0.8881,0
"570","STMARLINSWPO","Striped marlin Western Pacific Ocean",1996,0.8131976,0
"571","STMARLINSWPO","Striped marlin Western Pacific Ocean",1997,1.138022667,0
"572","STMARLINSWPO","Striped marlin Western Pacific Ocean",1998,1.152339433,0
"573","STMARLINSWPO","Striped marlin Western Pacific Ocean",1999,1.0954802,0
"574","STMARLINSWPO","Striped marlin Western Pacific Ocean",2000,1.137171567,0
"575","STMARLINSWPO","Striped marlin Western Pacific Ocean",2001,1.2339203,0
"576","STMARLINSWPO","Striped marlin Western Pacific Ocean",2002,1.382824133,0
"577","STMARLINSWPO","Striped marlin Western Pacific Ocean",2003,1.3251894,0
"578","STMARLINSWPO","Striped marlin Western Pacific Ocean",2004,1.1897424,0
"579","STMARLINSWPO","Striped marlin Western Pacific Ocean",2005,1.111994733,0
"580","STMARLINSWPO","Striped marlin Western Pacific Ocean",2006,0.972512933,0
"581","STMARLINSWPO","Striped marlin Western Pacific Ocean",2007,1.184195333,0
"582","STMARLINSWPO","Striped marlin Western Pacific Ocean",2008,1.2036329,0
"583","STMARLINSWPO","Striped marlin Western Pacific Ocean",2009,1.143590833,0
"584","STMARLINSWPO","Striped marlin Western Pacific Ocean",2010,1.321260467,0
"585","STMARLINSWPO","Striped marlin Western Pacific Ocean",2011,1.398278367,0
"586","STMARLINSWPO","Striped marlin Western Pacific Ocean",2012,1.016262667,0
"587","STMARLINWCNPAC","Striped marlin Western and Central North Pacific",1975,2.333333,0
"588","STMARLINWCNPAC","Striped marlin Western and Central North Pacific",1976,2.416667,0
"589","STMARLINWCNPAC","Striped marlin Western and Central North Pacific",1977,2.65,0
"590","STMARLINWCNPAC","Striped marlin Western and Central North Pacific",1978,2.283333,0
"591","STMARLINWCNPAC","Striped marlin Western and Central North Pacific",1979,1.283333,0
"592","STMARLINWCNPAC","Striped marlin Western and Central North Pacific",1980,1.566667,0
"593","STMARLINWCNPAC","Striped marlin Western and Central North Pacific",1981,2.25,0
"594","STMARLINWCNPAC","Striped marlin Western and Central North Pacific",1982,1.816667,0
"595","STMARLINWCNPAC","Striped marlin Western and Central North Pacific",1983,1.133333,0
"596","STMARLINWCNPAC","Striped marlin Western and Central North Pacific",1984,1,0
"597","STMARLINWCNPAC","Striped marlin Western and Central North Pacific",1985,1.05,0
"598","STMARLINWCNPAC","Striped marlin Western and Central North Pacific",1986,1.616667,0
"599","STMARLINWCNPAC","Striped marlin Western and Central North Pacific",1987,1.25,0
"600","STMARLINWCNPAC","Striped marlin Western and Central North Pacific",1988,1.683333,0
"601","STMARLINWCNPAC","Striped marlin Western and Central North Pacific",1989,1.266667,0
"602","STMARLINWCNPAC","Striped marlin Western and Central North Pacific",1990,1.083333,0
"603","STMARLINWCNPAC","Striped marlin Western and Central North Pacific",1991,1.083333,0
"604","STMARLINWCNPAC","Striped marlin Western and Central North Pacific",1992,1,0
"605","STMARLINWCNPAC","Striped marlin Western and Central North Pacific",1993,1.433333,0
"606","STMARLINWCNPAC","Striped marlin Western and Central North Pacific",1994,2.133333,0
"607","STMARLINWCNPAC","Striped marlin Western and Central North Pacific",1995,2.7,0
"608","STMARLINWCNPAC","Striped marlin Western and Central North Pacific",1996,2.583333,0
"609","STMARLINWCNPAC","Striped marlin Western and Central North Pacific",1997,2.083333,0
"610","STMARLINWCNPAC","Striped marlin Western and Central North Pacific",1998,2.5,0
"611","STMARLINWCNPAC","Striped marlin Western and Central North Pacific",1999,2.783333,0
"612","STMARLINWCNPAC","Striped marlin Western and Central North Pacific",2000,2.766667,0
"613","STMARLINWCNPAC","Striped marlin Western and Central North Pacific",2001,2.85,0
"614","STMARLINWCNPAC","Striped marlin Western and Central North Pacific",2002,1.966667,0
"615","STMARLINWCNPAC","Striped marlin Western and Central North Pacific",2003,2.466667,0
"616","STMARLINWCNPAC","Striped marlin Western and Central North Pacific",2004,1.7,0
"617","STMARLINWCNPAC","Striped marlin Western and Central North Pacific",2005,1.566667,0
"618","STMARLINWCNPAC","Striped marlin Western and Central North Pacific",2006,1.866667,0
"619","STMARLINWCNPAC","Striped marlin Western and Central North Pacific",2007,1.266667,0
"620","STMARLINWCNPAC","Striped marlin Western and Central North Pacific",2008,1.783333,0
"621","STMARLINWCNPAC","Striped marlin Western and Central North Pacific",2009,1.6,0
"622","STMARLINWCNPAC","Striped marlin Western and Central North Pacific",2010,1.583333,0
"623","STMARLINWCNPAC","Striped marlin Western and Central North Pacific",2011,1.85,0
"624","STMARLINWCNPAC","Striped marlin Western and Central North Pacific",2012,1.766667,0
"625","SWORDEPAC","Swordfish Eastern Pacific",1951,0,0
"626","SWORDEPAC","Swordfish Eastern Pacific",1952,0,0
"627","SWORDEPAC","Swordfish Eastern Pacific",1953,0,0
"628","SWORDEPAC","Swordfish Eastern Pacific",1954,0.111,0
"629","SWORDEPAC","Swordfish Eastern Pacific",1955,0.056,0
"630","SWORDEPAC","Swordfish Eastern Pacific",1956,0.111,0
"631","SWORDEPAC","Swordfish Eastern Pacific",1957,0.111,0
"632","SWORDEPAC","Swordfish Eastern Pacific",1958,0.056,0
"633","SWORDEPAC","Swordfish Eastern Pacific",1959,0.056,0
"634","SWORDEPAC","Swordfish Eastern Pacific",1960,0.056,0
"635","SWORDEPAC","Swordfish Eastern Pacific",1961,0.111,0
"636","SWORDEPAC","Swordfish Eastern Pacific",1962,0.167,0
"637","SWORDEPAC","Swordfish Eastern Pacific",1963,0.167,0
"638","SWORDEPAC","Swordfish Eastern Pacific",1964,0.389,0
"639","SWORDEPAC","Swordfish Eastern Pacific",1965,0.222,0
"640","SWORDEPAC","Swordfish Eastern Pacific",1966,0.222,0
"641","SWORDEPAC","Swordfish Eastern Pacific",1967,0.278,0
"642","SWORDEPAC","Swordfish Eastern Pacific",1968,0.333,0
"643","SWORDEPAC","Swordfish Eastern Pacific",1969,0.667,0
"644","SWORDEPAC","Swordfish Eastern Pacific",1970,0.611,0
"645","SWORDEPAC","Swordfish Eastern Pacific",1971,0.222,0
"646","SWORDEPAC","Swordfish Eastern Pacific",1972,0.333,0
"647","SWORDEPAC","Swordfish Eastern Pacific",1973,0.556,0
"648","SWORDEPAC","Swordfish Eastern Pacific",1974,0.222,0
"649","SWORDEPAC","Swordfish Eastern Pacific",1975,0.222,0
"650","SWORDEPAC","Swordfish Eastern Pacific",1976,0.389,0
"651","SWORDEPAC","Swordfish Eastern Pacific",1977,0.333,0
"652","SWORDEPAC","Swordfish Eastern Pacific",1978,0.333,0
"653","SWORDEPAC","Swordfish Eastern Pacific",1979,0.222,0
"654","SWORDEPAC","Swordfish Eastern Pacific",1980,0.333,0
"655","SWORDEPAC","Swordfish Eastern Pacific",1981,0.444,0
"656","SWORDEPAC","Swordfish Eastern Pacific",1982,0.444,0
"657","SWORDEPAC","Swordfish Eastern Pacific",1983,0.278,0
"658","SWORDEPAC","Swordfish Eastern Pacific",1984,0.222,0
"659","SWORDEPAC","Swordfish Eastern Pacific",1985,0.056,0
"660","SWORDEPAC","Swordfish Eastern Pacific",1986,0.389,0
"661","SWORDEPAC","Swordfish Eastern Pacific",1987,0.5,0
"662","SWORDEPAC","Swordfish Eastern Pacific",1988,0.5,0
"663","SWORDEPAC","Swordfish Eastern Pacific",1989,0.444,0
"664","SWORDEPAC","Swordfish Eastern Pacific",1990,0.833,0
"665","SWORDEPAC","Swordfish Eastern Pacific",1991,0.667,0
"666","SWORDEPAC","Swordfish Eastern Pacific",1992,0.833,0
"667","SWORDEPAC","Swordfish Eastern Pacific",1993,0.667,0
"668","SWORDEPAC","Swordfish Eastern Pacific",1994,0.722,0
"669","SWORDEPAC","Swordfish Eastern Pacific",1995,0.611,0
"670","SWORDEPAC","Swordfish Eastern Pacific",1996,0.778,0
"671","SWORDEPAC","Swordfish Eastern Pacific",1997,1,0
"672","SWORDEPAC","Swordfish Eastern Pacific",1998,1.22,0
"673","SWORDEPAC","Swordfish Eastern Pacific",1999,0.556,0
"674","SWORDEPAC","Swordfish Eastern Pacific",2000,0.889,0
"675","SWORDEPAC","Swordfish Eastern Pacific",2001,1,0
"676","SWORDEPAC","Swordfish Eastern Pacific",2002,1,0
"677","SWORDEPAC","Swordfish Eastern Pacific",2003,0.833,0
"678","SWORDEPAC","Swordfish Eastern Pacific",2004,0.889,0
"679","SWORDEPAC","Swordfish Eastern Pacific",2005,0.556,0
"680","SWORDEPAC","Swordfish Eastern Pacific",2006,0.444,0
"681","SWORDEPAC","Swordfish Eastern Pacific",2007,0.5,0
"682","SWORDEPAC","Swordfish Eastern Pacific",2008,0.5,0
"683","SWORDEPAC","Swordfish Eastern Pacific",2009,0.778,0
"684","SWORDEPAC","Swordfish Eastern Pacific",2010,0.944,0
"685","SWORDEPAC","Swordfish Eastern Pacific",2011,1,0
"686","SWORDEPAC","Swordfish Eastern Pacific",2012,1.06,0
"687","SWORDMED","Swordfish Mediterranean Sea",1985,1.25944498,0
"688","SWORDMED","Swordfish Mediterranean Sea",1986,1.55974944,0
"689","SWORDMED","Swordfish Mediterranean Sea",1987,1.87294661,0
"690","SWORDMED","Swordfish Mediterranean Sea",1988,2.56614406,0
"691","SWORDMED","Swordfish Mediterranean Sea",1989,2.82784649,0
"692","SWORDMED","Swordfish Mediterranean Sea",1990,2.4207442,0
"693","SWORDMED","Swordfish Mediterranean Sea",1991,2.6677938,0
"694","SWORDMED","Swordfish Mediterranean Sea",1992,2.60352771,0
"695","SWORDMED","Swordfish Mediterranean Sea",1993,2.22095799,0
"696","SWORDMED","Swordfish Mediterranean Sea",1994,2.81003126,0
"697","SWORDMED","Swordfish Mediterranean Sea",1995,2.07143139,0
"698","SWORDMED","Swordfish Mediterranean Sea",1996,1.88336634,0
"699","SWORDMED","Swordfish Mediterranean Sea",1997,2.45210793,0
"700","SWORDMED","Swordfish Mediterranean Sea",1998,2.12309575,0
"701","SWORDMED","Swordfish Mediterranean Sea",1999,2.37189249,0
"702","SWORDMED","Swordfish Mediterranean Sea",2000,2.95407089,0
"703","SWORDMED","Swordfish Mediterranean Sea",2001,3.01990966,0
"704","SWORDMED","Swordfish Mediterranean Sea",2002,2.12303194,0
"705","SWORDMED","Swordfish Mediterranean Sea",2003,2.69797485,0
"706","SWORDMED","Swordfish Mediterranean Sea",2004,2.45249739,0
"707","SWORDMED","Swordfish Mediterranean Sea",2005,2.61458529,0
"708","SWORDMED","Swordfish Mediterranean Sea",2006,2.83366099,0
"709","SWORDMED","Swordfish Mediterranean Sea",2007,2.86499694,0
"710","SWORDMED","Swordfish Mediterranean Sea",2008,2.38547228,0
"711","SWORDMED","Swordfish Mediterranean Sea",2009,2.47290862,0
"712","SWORDMED","Swordfish Mediterranean Sea",2010,2.95693476,0
"713","SWORDMED","Swordfish Mediterranean Sea",2011,2.41197952,0
"714","SWORDMED","Swordfish Mediterranean Sea",2012,1.90207478,0
"715","SWORDNATL","Swordfish Northern Atlantic",1950,0.113590149316342,0
"716","SWORDNATL","Swordfish Northern Atlantic",1951,0.0797072003940469,0
"717","SWORDNATL","Swordfish Northern Atlantic",1952,0.0907604809547345,0
"718","SWORDNATL","Swordfish Northern Atlantic",1953,0.0997064865211423,0
"719","SWORDNATL","Swordfish Northern Atlantic",1954,0.0905730600944104,0
"720","SWORDNATL","Swordfish Northern Atlantic",1955,0.103360236585706,0
"721","SWORDNATL","Swordfish Northern Atlantic",1956,0.0983058027707742,0
"722","SWORDNATL","Swordfish Northern Atlantic",1957,0.134057366231303,0
"723","SWORDNATL","Swordfish Northern Atlantic",1958,0.145106937777438,0
"724","SWORDNATL","Swordfish Northern Atlantic",1959,0.182834546021258,0
"725","SWORDNATL","Swordfish Northern Atlantic",1960,0.110477959223786,0
"726","SWORDNATL","Swordfish Northern Atlantic",1961,0.127138043198311,0
"727","SWORDNATL","Swordfish Northern Atlantic",1962,0.151792533474586,0
"728","SWORDNATL","Swordfish Northern Atlantic",1963,0.294938909586692,0
"729","SWORDNATL","Swordfish Northern Atlantic",1964,0.3503288535364,0
"730","SWORDNATL","Swordfish Northern Atlantic",1965,0.286138352554741,0
"731","SWORDNATL","Swordfish Northern Atlantic",1966,0.322057330264779,0
"732","SWORDNATL","Swordfish Northern Atlantic",1967,0.32554672726655,0
"733","SWORDNATL","Swordfish Northern Atlantic",1968,0.336873173375371,0
"734","SWORDNATL","Swordfish Northern Atlantic",1969,0.343231331772833,0
"735","SWORDNATL","Swordfish Northern Atlantic",1970,0.353428858627461,0
"736","SWORDNATL","Swordfish Northern Atlantic",1971,0.1850051818156,0
"737","SWORDNATL","Swordfish Northern Atlantic",1972,0.159507313864545,0
"738","SWORDNATL","Swordfish Northern Atlantic",1973,0.200215811345422,0
"739","SWORDNATL","Swordfish Northern Atlantic",1974,0.203500615682502,0
"740","SWORDNATL","Swordfish Northern Atlantic",1975,0.281912039517828,0
"741","SWORDNATL","Swordfish Northern Atlantic",1976,0.209876927773032,0
"742","SWORDNATL","Swordfish Northern Atlantic",1977,0.19876519085504,0
"743","SWORDNATL","Swordfish Northern Atlantic",1978,0.378856621042683,0
"744","SWORDNATL","Swordfish Northern Atlantic",1979,0.393598386478126,0
"745","SWORDNATL","Swordfish Northern Atlantic",1980,0.468152666222312,0
"746","SWORDNATL","Swordfish Northern Atlantic",1981,0.398888361641385,0
"747","SWORDNATL","Swordfish Northern Atlantic",1982,0.489351310095221,0
"748","SWORDNATL","Swordfish Northern Atlantic",1983,0.568288300160854,0
"749","SWORDNATL","Swordfish Northern Atlantic",1984,0.51306910274802,0
"750","SWORDNATL","Swordfish Northern Atlantic",1985,0.594381648977844,0
"751","SWORDNATL","Swordfish Northern Atlantic",1986,0.823707867623456,0
"752","SWORDNATL","Swordfish Northern Atlantic",1987,0.971941088897612,0
"753","SWORDNATL","Swordfish Northern Atlantic",1988,1.01011090550539,0
"754","SWORDNATL","Swordfish Northern Atlantic",1989,0.940737224163997,0
"755","SWORDNATL","Swordfish Northern Atlantic",1990,0.887102774842253,0
"756","SWORDNATL","Swordfish Northern Atlantic",1991,0.862202928698104,0
"757","SWORDNATL","Swordfish Northern Atlantic",1992,0.922896319870291,0
"758","SWORDNATL","Swordfish Northern Atlantic",1993,1.07587340320686,0
"759","SWORDNATL","Swordfish Northern Atlantic",1994,1.04640972672342,0
"760","SWORDNATL","Swordfish Northern Atlantic",1995,1.21419292769586,0
"761","SWORDNATL","Swordfish Northern Atlantic",1996,1.15220125768264,0
"762","SWORDNATL","Swordfish Northern Atlantic",1997,0.999120216691722,1
"763","SWORDNATL","Swordfish Northern Atlantic",1998,0.91280159077418,1
"764","SWORDNATL","Swordfish Northern Atlantic",1999,0.857889584106774,1
"765","SWORDNATL","Swordfish Northern Atlantic",2000,0.830833271561085,1
"766","SWORDNATL","Swordfish Northern Atlantic",2001,0.696726791008568,1
"767","SWORDNATL","Swordfish Northern Atlantic",2002,0.647304584742186,1
"768","SWORDNATL","Swordfish Northern Atlantic",2003,0.750369449633858,1
"769","SWORDNATL","Swordfish Northern Atlantic",2004,0.786822911189002,1
"770","SWORDNATL","Swordfish Northern Atlantic",2005,0.815284273205059,1
"771","SWORDNATL","Swordfish Northern Atlantic",2006,0.73770087173677,1
"772","SWORDNATL","Swordfish Northern Atlantic",2007,0.774047148861915,1
"773","SWORDNATL","Swordfish Northern Atlantic",2008,0.66127617420417,1
"774","SWORDNATL","Swordfish Northern Atlantic",2009,0.705714944356802,1
"775","SWORDNATL","Swordfish Northern Atlantic",2010,0.655238912729747,1
"776","SWORDNATL","Swordfish Northern Atlantic",2011,0.712580628717911,1
"777","SWORDNATL","Swordfish Northern Atlantic",2012,0.799447403668128,1
"778","SWORDNPAC","Swordfish North Pacific Ocean",1975,0.5882353,0
"779","SWORDNPAC","Swordfish North Pacific Ocean",1976,0.7058824,0
"780","SWORDNPAC","Swordfish North Pacific Ocean",1977,0.7058824,0
"781","SWORDNPAC","Swordfish North Pacific Ocean",1978,0.8235294,0
"782","SWORDNPAC","Swordfish North Pacific Ocean",1979,0.7647059,0
"783","SWORDNPAC","Swordfish North Pacific Ocean",1980,0.7058824,0
"784","SWORDNPAC","Swordfish North Pacific Ocean",1981,0.7647059,0
"785","SWORDNPAC","Swordfish North Pacific Ocean",1982,0.6470588,0
"786","SWORDNPAC","Swordfish North Pacific Ocean",1983,0.7647059,0
"787","SWORDNPAC","Swordfish North Pacific Ocean",1984,0.7058824,0
"788","SWORDNPAC","Swordfish North Pacific Ocean",1985,0.9411765,0
"789","SWORDNPAC","Swordfish North Pacific Ocean",1986,0.8823529,0
"790","SWORDNPAC","Swordfish North Pacific Ocean",1987,1,0
"791","SWORDNPAC","Swordfish North Pacific Ocean",1988,0.9411765,0
"792","SWORDNPAC","Swordfish North Pacific Ocean",1989,0.8235294,0
"793","SWORDNPAC","Swordfish North Pacific Ocean",1990,0.7647059,0
"794","SWORDNPAC","Swordfish North Pacific Ocean",1991,0.9411765,0
"795","SWORDNPAC","Swordfish North Pacific Ocean",1992,0.8823529,0
"796","SWORDNPAC","Swordfish North Pacific Ocean",1993,1.058824,0
"797","SWORDNPAC","Swordfish North Pacific Ocean",1994,0.8823529,0
"798","SWORDNPAC","Swordfish North Pacific Ocean",1995,0.7647059,0
"799","SWORDNPAC","Swordfish North Pacific Ocean",1996,0.7647059,0
"800","SWORDNPAC","Swordfish North Pacific Ocean",1997,0.8235294,0
"801","SWORDNPAC","Swordfish North Pacific Ocean",1998,0.6470588,0
"802","SWORDNPAC","Swordfish North Pacific Ocean",1999,0.5882353,0
"803","SWORDNPAC","Swordfish North Pacific Ocean",2000,0.8823529,0
"804","SWORDNPAC","Swordfish North Pacific Ocean",2001,0.7058824,0
"805","SWORDNPAC","Swordfish North Pacific Ocean",2002,0.7058824,0
"806","SWORDNPAC","Swordfish North Pacific Ocean",2003,0.7058824,0
"807","SWORDNPAC","Swordfish North Pacific Ocean",2004,0.6470588,0
"808","SWORDNPAC","Swordfish North Pacific Ocean",2005,0.6470588,0
"809","SWORDNPAC","Swordfish North Pacific Ocean",2006,0.7647059,0
"810","SWORDNPAC","Swordfish North Pacific Ocean",2007,0.7647059,0
"811","SWORDNPAC","Swordfish North Pacific Ocean",2008,0.6470588,0
"812","SWORDNPAC","Swordfish North Pacific Ocean",2009,0.6470588,0
"813","SWORDNPAC","Swordfish North Pacific Ocean",2010,0.5882353,0
"814","SWORDNPAC","Swordfish North Pacific Ocean",2011,0.4705882,0
"815","SWORDNPAC","Swordfish North Pacific Ocean",2012,0.5294118,0
"816","SWORDSPAC","Swordfish South Pacific Ocean",1952,0.001565764,0
"817","SWORDSPAC","Swordfish South Pacific Ocean",1953,0.003542681,0
"818","SWORDSPAC","Swordfish South Pacific Ocean",1954,0.022701111,0
"819","SWORDSPAC","Swordfish South Pacific Ocean",1955,0.032387222,0
"820","SWORDSPAC","Swordfish South Pacific Ocean",1956,0.026799722,0
"821","SWORDSPAC","Swordfish South Pacific Ocean",1957,0.020405278,0
"822","SWORDSPAC","Swordfish South Pacific Ocean",1958,0.037210278,0
"823","SWORDSPAC","Swordfish South Pacific Ocean",1959,0.042052778,0
"824","SWORDSPAC","Swordfish South Pacific Ocean",1960,0.029202083,0
"825","SWORDSPAC","Swordfish South Pacific Ocean",1961,0.05021375,0
"826","SWORDSPAC","Swordfish South Pacific Ocean",1962,0.048013472,0
"827","SWORDSPAC","Swordfish South Pacific Ocean",1963,0.067898056,0
"828","SWORDSPAC","Swordfish South Pacific Ocean",1964,0.035481389,0
"829","SWORDSPAC","Swordfish South Pacific Ocean",1965,0.079143194,0
"830","SWORDSPAC","Swordfish South Pacific Ocean",1966,0.093068333,0
"831","SWORDSPAC","Swordfish South Pacific Ocean",1967,0.079946806,0
"832","SWORDSPAC","Swordfish South Pacific Ocean",1968,0.107390694,0
"833","SWORDSPAC","Swordfish South Pacific Ocean",1969,0.098110417,0
"834","SWORDSPAC","Swordfish South Pacific Ocean",1970,0.085090139,0
"835","SWORDSPAC","Swordfish South Pacific Ocean",1971,0.165651944,0
"836","SWORDSPAC","Swordfish South Pacific Ocean",1972,0.149929167,0
"837","SWORDSPAC","Swordfish South Pacific Ocean",1973,0.101710139,0
"838","SWORDSPAC","Swordfish South Pacific Ocean",1974,0.131956111,0
"839","SWORDSPAC","Swordfish South Pacific Ocean",1975,0.086103889,0
"840","SWORDSPAC","Swordfish South Pacific Ocean",1976,0.137997639,0
"841","SWORDSPAC","Swordfish South Pacific Ocean",1977,0.051669306,0
"842","SWORDSPAC","Swordfish South Pacific Ocean",1978,0.05669625,0
"843","SWORDSPAC","Swordfish South Pacific Ocean",1979,0.11241,0
"844","SWORDSPAC","Swordfish South Pacific Ocean",1980,0.125275556,0
"845","SWORDSPAC","Swordfish South Pacific Ocean",1981,0.170227222,0
"846","SWORDSPAC","Swordfish South Pacific Ocean",1982,0.154587222,0
"847","SWORDSPAC","Swordfish South Pacific Ocean",1983,0.102348056,0
"848","SWORDSPAC","Swordfish South Pacific Ocean",1984,0.122017639,0
"849","SWORDSPAC","Swordfish South Pacific Ocean",1985,0.145096528,0
"850","SWORDSPAC","Swordfish South Pacific Ocean",1986,0.148534444,0
"851","SWORDSPAC","Swordfish South Pacific Ocean",1987,0.156472778,0
"852","SWORDSPAC","Swordfish South Pacific Ocean",1988,0.235056944,0
"853","SWORDSPAC","Swordfish South Pacific Ocean",1989,0.188340139,0
"854","SWORDSPAC","Swordfish South Pacific Ocean",1990,0.17726,0
"855","SWORDSPAC","Swordfish South Pacific Ocean",1991,0.151844444,0
"856","SWORDSPAC","Swordfish South Pacific Ocean",1992,0.189472778,0
"857","SWORDSPAC","Swordfish South Pacific Ocean",1993,0.142449028,0
"858","SWORDSPAC","Swordfish South Pacific Ocean",1994,0.201418056,0
"859","SWORDSPAC","Swordfish South Pacific Ocean",1995,0.141313056,0
"860","SWORDSPAC","Swordfish South Pacific Ocean",1996,0.197038889,0
"861","SWORDSPAC","Swordfish South Pacific Ocean",1997,0.2703375,0
"862","SWORDSPAC","Swordfish South Pacific Ocean",1998,0.338831944,0
"863","SWORDSPAC","Swordfish South Pacific Ocean",1999,0.384783333,0
"864","SWORDSPAC","Swordfish South Pacific Ocean",2000,0.410904167,0
"865","SWORDSPAC","Swordfish South Pacific Ocean",2001,0.475994444,0
"866","SWORDSPAC","Swordfish South Pacific Ocean",2002,0.6889125,0
"867","SWORDSPAC","Swordfish South Pacific Ocean",2003,0.646590278,0
"868","SWORDSPAC","Swordfish South Pacific Ocean",2004,0.755452778,0
"869","SWORDSPAC","Swordfish South Pacific Ocean",2005,0.640448611,0
"870","SWORDSPAC","Swordfish South Pacific Ocean",2006,0.846905556,0
"871","SWORDSPAC","Swordfish South Pacific Ocean",2007,0.936919444,0
"872","SWORDSPAC","Swordfish South Pacific Ocean",2008,0.973456944,0
"873","SWORDSPAC","Swordfish South Pacific Ocean",2009,0.887620833,0
"874","SWORDSPAC","Swordfish South Pacific Ocean",2010,0.776618056,0
"875","SWORDSPAC","Swordfish South Pacific Ocean",2011,0.973461111,0
"876","SWORDSPAC","Swordfish South Pacific Ocean",2012,1.016609722,0
"877","WMARLINATL","White marlin Atlantic Ocean",1956,0.00494172858011363,0
"878","WMARLINATL","White marlin Atlantic Ocean",1957,0.0409158001682655,0
"879","WMARLINATL","White marlin Atlantic Ocean",1958,0.0406294140394717,0
"880","WMARLINATL","White marlin Atlantic Ocean",1959,0.0278452021546944,0
"881","WMARLINATL","White marlin Atlantic Ocean",1960,0.0774157151598898,0
"882","WMARLINATL","White marlin Atlantic Ocean",1961,0.208139676383225,0
"883","WMARLINATL","White marlin Atlantic Ocean",1962,0.536298388608857,0
"884","WMARLINATL","White marlin Atlantic Ocean",1963,0.712434745464698,0
"885","WMARLINATL","White marlin Atlantic Ocean",1964,1.12111070242464,0
"886","WMARLINATL","White marlin Atlantic Ocean",1965,1.70064000818031,0
"887","WMARLINATL","White marlin Atlantic Ocean",1966,1.30720859357908,0
"888","WMARLINATL","White marlin Atlantic Ocean",1967,0.536687336548876,0
"889","WMARLINATL","White marlin Atlantic Ocean",1968,0.825679498706999,0
"890","WMARLINATL","White marlin Atlantic Ocean",1969,1.00359312854659,0
"891","WMARLINATL","White marlin Atlantic Ocean",1970,1.07764672156561,0
"892","WMARLINATL","White marlin Atlantic Ocean",1971,1.31575399992629,0
"893","WMARLINATL","White marlin Atlantic Ocean",1972,1.49553751780631,0
"894","WMARLINATL","White marlin Atlantic Ocean",1973,1.40398164420649,0
"895","WMARLINATL","White marlin Atlantic Ocean",1974,1.45955017367281,0
"896","WMARLINATL","White marlin Atlantic Ocean",1975,1.63236044831164,0
"897","WMARLINATL","White marlin Atlantic Ocean",1976,1.92148429722172,0
"898","WMARLINATL","White marlin Atlantic Ocean",1977,1.25280587227597,0
"899","WMARLINATL","White marlin Atlantic Ocean",1978,0.974082675048959,0
"900","WMARLINATL","White marlin Atlantic Ocean",1979,0.948164920206518,0
"901","WMARLINATL","White marlin Atlantic Ocean",1980,0.827802526699127,0
"902","WMARLINATL","White marlin Atlantic Ocean",1981,1.07406098928083,0
"903","WMARLINATL","White marlin Atlantic Ocean",1982,1.0407201758358,0
"904","WMARLINATL","White marlin Atlantic Ocean",1983,1.87410726974889,0
"905","WMARLINATL","White marlin Atlantic Ocean",1984,1.2468760548532,0
"906","WMARLINATL","White marlin Atlantic Ocean",1985,1.86182335839053,0
"907","WMARLINATL","White marlin Atlantic Ocean",1986,1.76422675529459,0
"908","WMARLINATL","White marlin Atlantic Ocean",1987,1.71027386773336,0
"909","WMARLINATL","White marlin Atlantic Ocean",1988,1.74417042056071,0
"910","WMARLINATL","White marlin Atlantic Ocean",1989,2.70887227180914,0
"911","WMARLINATL","White marlin Atlantic Ocean",1990,2.64736763814999,0
"912","WMARLINATL","White marlin Atlantic Ocean",1991,2.80023492137585,0
"913","WMARLINATL","White marlin Atlantic Ocean",1992,2.44400071644112,0
"914","WMARLINATL","White marlin Atlantic Ocean",1993,2.41749444917765,0
"915","WMARLINATL","White marlin Atlantic Ocean",1994,3.06160406910491,0
"916","WMARLINATL","White marlin Atlantic Ocean",1995,2.49854663130515,0
"917","WMARLINATL","White marlin Atlantic Ocean",1996,2.3641590454496,0
"918","WMARLINATL","White marlin Atlantic Ocean",1997,2.04858645408613,0
"919","WMARLINATL","White marlin Atlantic Ocean",1998,2.72852566179152,0
"920","WMARLINATL","White marlin Atlantic Ocean",1999,2.81728786010738,0
"921","WMARLINATL","White marlin Atlantic Ocean",2000,2.65891555273296,0
"922","WMARLINATL","White marlin Atlantic Ocean",2001,2.03020807231596,0
"923","WMARLINATL","White marlin Atlantic Ocean",2002,1.71134834535595,0
"924","WMARLINATL","White marlin Atlantic Ocean",2003,1.54187398190677,0
"925","WMARLINATL","White marlin Atlantic Ocean",2004,1.31905545502377,0
"926","WMARLINATL","White marlin Atlantic Ocean",2005,1.15837674598556,0
"927","WMARLINATL","White marlin Atlantic Ocean",2006,0.954792199695835,0
"928","WMARLINATL","White marlin Atlantic Ocean",2007,1.27084913126279,0
"929","WMARLINATL","White marlin Atlantic Ocean",2008,1.23533805866896,0
"930","WMARLINATL","White marlin Atlantic Ocean",2009,1.26129070217623,0
"931","WMARLINATL","White marlin Atlantic Ocean",2010,0.778138979150535,0
"932","WMARLINATL","White marlin Atlantic Ocean",2011,0.740521155840238,0
"933","WMARLINATL","White marlin Atlantic Ocean",2012,0.620351465787337,0
"934","YFINATL","Yellowfin tuna Atlantic Ocean",1950,0.003773305,0
"935","YFINATL","Yellowfin tuna Atlantic Ocean",1951,0.00416662,0
"936","YFINATL","Yellowfin tuna Atlantic Ocean",1952,0.008661255,0
"937","YFINATL","Yellowfin tuna Atlantic Ocean",1953,0.011371659,0
"938","YFINATL","Yellowfin tuna Atlantic Ocean",1954,0.01079203,0
"939","YFINATL","Yellowfin tuna Atlantic Ocean",1955,0.013621736,0
"940","YFINATL","Yellowfin tuna Atlantic Ocean",1956,0.020133186,0
"941","YFINATL","Yellowfin tuna Atlantic Ocean",1957,0.06067725,0
"942","YFINATL","Yellowfin tuna Atlantic Ocean",1958,0.094936874,0
"943","YFINATL","Yellowfin tuna Atlantic Ocean",1959,0.111035022,0
"944","YFINATL","Yellowfin tuna Atlantic Ocean",1960,0.149326427,0
"945","YFINATL","Yellowfin tuna Atlantic Ocean",1961,0.132102446,0
"946","YFINATL","Yellowfin tuna Atlantic Ocean",1962,0.133779641,0
"947","YFINATL","Yellowfin tuna Atlantic Ocean",1963,0.167564316,0
"948","YFINATL","Yellowfin tuna Atlantic Ocean",1964,0.196834014,0
"949","YFINATL","Yellowfin tuna Atlantic Ocean",1965,0.194489537,0
"950","YFINATL","Yellowfin tuna Atlantic Ocean",1966,0.175634591,0
"951","YFINATL","Yellowfin tuna Atlantic Ocean",1967,0.191108572,0
"952","YFINATL","Yellowfin tuna Atlantic Ocean",1968,0.265487461,0
"953","YFINATL","Yellowfin tuna Atlantic Ocean",1969,0.280994456,0
"954","YFINATL","Yellowfin tuna Atlantic Ocean",1970,0.203537348,0
"955","YFINATL","Yellowfin tuna Atlantic Ocean",1971,0.178194184,0
"956","YFINATL","Yellowfin tuna Atlantic Ocean",1972,0.203363858,0
"957","YFINATL","Yellowfin tuna Atlantic Ocean",1973,0.192727221,0
"958","YFINATL","Yellowfin tuna Atlantic Ocean",1974,0.219592565,0
"959","YFINATL","Yellowfin tuna Atlantic Ocean",1975,0.244104642,0
"960","YFINATL","Yellowfin tuna Atlantic Ocean",1976,0.271915236,0
"961","YFINATL","Yellowfin tuna Atlantic Ocean",1977,0.304635208,0
"962","YFINATL","Yellowfin tuna Atlantic Ocean",1978,0.344679922,0
"963","YFINATL","Yellowfin tuna Atlantic Ocean",1979,0.386612692,0
"964","YFINATL","Yellowfin tuna Atlantic Ocean",1980,0.427547314,0
"965","YFINATL","Yellowfin tuna Atlantic Ocean",1981,0.542644289,0
"966","YFINATL","Yellowfin tuna Atlantic Ocean",1982,0.631416775,0
"967","YFINATL","Yellowfin tuna Atlantic Ocean",1983,0.664636368,0
"968","YFINATL","Yellowfin tuna Atlantic Ocean",1984,0.456326578,0
"969","YFINATL","Yellowfin tuna Atlantic Ocean",1985,0.561429976,0
"970","YFINATL","Yellowfin tuna Atlantic Ocean",1986,0.456929874,0
"971","YFINATL","Yellowfin tuna Atlantic Ocean",1987,0.445341994,0
"972","YFINATL","Yellowfin tuna Atlantic Ocean",1988,0.4908586,0
"973","YFINATL","Yellowfin tuna Atlantic Ocean",1989,0.568671216,0
"974","YFINATL","Yellowfin tuna Atlantic Ocean",1990,0.711212163,0
"975","YFINATL","Yellowfin tuna Atlantic Ocean",1991,0.663150155,0
"976","YFINATL","Yellowfin tuna Atlantic Ocean",1992,0.668555965,0
"977","YFINATL","Yellowfin tuna Atlantic Ocean",1993,0.714445569,0
"978","YFINATL","Yellowfin tuna Atlantic Ocean",1994,0.73137563,0
"979","YFINATL","Yellowfin tuna Atlantic Ocean",1995,0.674927894,0
"980","YFINATL","Yellowfin tuna Atlantic Ocean",1996,0.557969768,0
"981","YFINATL","Yellowfin tuna Atlantic Ocean",1997,0.539270906,0
"982","YFINATL","Yellowfin tuna Atlantic Ocean",1998,0.55318882,0
"983","YFINATL","Yellowfin tuna Atlantic Ocean",1999,0.518316451,0
"984","YFINATL","Yellowfin tuna Atlantic Ocean",2000,0.455696002,0
"985","YFINATL","Yellowfin tuna Atlantic Ocean",2001,0.499525551,0
"986","YFINATL","Yellowfin tuna Atlantic Ocean",2002,0.439213002,0
"987","YFINATL","Yellowfin tuna Atlantic Ocean",2003,0.479040008,0
"988","YFINATL","Yellowfin tuna Atlantic Ocean",2004,0.484828331,0
"989","YFINATL","Yellowfin tuna Atlantic Ocean",2005,0.432895096,0
"990","YFINATL","Yellowfin tuna Atlantic Ocean",2006,0.444072924,0
"991","YFINATL","Yellowfin tuna Atlantic Ocean",2007,0.440360391,0
"992","YFINATL","Yellowfin tuna Atlantic Ocean",2008,0.517883895,0
"993","YFINATL","Yellowfin tuna Atlantic Ocean",2009,0.551856883,0
"994","YFINATL","Yellowfin tuna Atlantic Ocean",2010,0.604260643,0
"995","YFINATL","Yellowfin tuna Atlantic Ocean",2011,0.597379012,0
"996","YFINATL","Yellowfin tuna Atlantic Ocean",2012,0.623713466,0
"997","YFINEPAC","Yellowfin tuna Eastern Pacific",1975,0.798,0
"998","YFINEPAC","Yellowfin tuna Eastern Pacific",1976,0.779,0
"999","YFINEPAC","Yellowfin tuna Eastern Pacific",1977,0.562,0
"1000","YFINEPAC","Yellowfin tuna Eastern Pacific",1978,0.766,0
"1001","YFINEPAC","Yellowfin tuna Eastern Pacific",1979,0.988,0
"1002","YFINEPAC","Yellowfin tuna Eastern Pacific",1980,1.002,0
"1003","YFINEPAC","Yellowfin tuna Eastern Pacific",1981,0.817,0
"1004","YFINEPAC","Yellowfin tuna Eastern Pacific",1982,0.848,0
"1005","YFINEPAC","Yellowfin tuna Eastern Pacific",1983,0.462,0
"1006","YFINEPAC","Yellowfin tuna Eastern Pacific",1984,0.371,0
"1007","YFINEPAC","Yellowfin tuna Eastern Pacific",1985,0.464,0
"1008","YFINEPAC","Yellowfin tuna Eastern Pacific",1986,0.675,0
"1009","YFINEPAC","Yellowfin tuna Eastern Pacific",1987,0.703,0
"1010","YFINEPAC","Yellowfin tuna Eastern Pacific",1988,0.665,0
"1011","YFINEPAC","Yellowfin tuna Eastern Pacific",1989,0.7,0
"1012","YFINEPAC","Yellowfin tuna Eastern Pacific",1990,0.788,0
"1013","YFINEPAC","Yellowfin tuna Eastern Pacific",1991,0.739,0
"1014","YFINEPAC","Yellowfin tuna Eastern Pacific",1992,0.682,0
"1015","YFINEPAC","Yellowfin tuna Eastern Pacific",1993,0.502,0
"1016","YFINEPAC","Yellowfin tuna Eastern Pacific",1994,0.74,0
"1017","YFINEPAC","Yellowfin tuna Eastern Pacific",1995,0.691,0
"1018","YFINEPAC","Yellowfin tuna Eastern Pacific",1996,0.607,0
"1019","YFINEPAC","Yellowfin tuna Eastern Pacific",1997,0.871,0
"1020","YFINEPAC","Yellowfin tuna Eastern Pacific",1998,0.672,0
"1021","YFINEPAC","Yellowfin tuna Eastern Pacific",1999,0.655,0
"1022","YFINEPAC","Yellowfin tuna Eastern Pacific",2000,0.614,0
"1023","YFINEPAC","Yellowfin tuna Eastern Pacific",2001,0.823,0
"1024","YFINEPAC","Yellowfin tuna Eastern Pacific",2002,0.955,0
"1025","YFINEPAC","Yellowfin tuna Eastern Pacific",2003,1.39,0
"1026","YFINEPAC","Yellowfin tuna Eastern Pacific",2004,1.361,0
"1027","YFINEPAC","Yellowfin tuna Eastern Pacific",2005,1.435,0
"1028","YFINEPAC","Yellowfin tuna Eastern Pacific",2006,1.056,0
"1029","YFINEPAC","Yellowfin tuna Eastern Pacific",2007,0.724,0
"1030","YFINEPAC","Yellowfin tuna Eastern Pacific",2008,0.693,0
"1031","YFINEPAC","Yellowfin tuna Eastern Pacific",2009,0.685,0
"1032","YFINEPAC","Yellowfin tuna Eastern Pacific",2010,0.711,0
"1033","YFINEPAC","Yellowfin tuna Eastern Pacific",2011,1.022,0
"1034","YFINEPAC","Yellowfin tuna Eastern Pacific",2012,0.846,0
"1035","ALBAIO",NA,1950,0.000222,0
"1036","ALBAIO",NA,1951,6e-04,0
"1037","ALBAIO",NA,1952,0.0011,0
"1038","ALBAIO",NA,1953,0.0089,0
"1039","ALBAIO",NA,1954,0.0228,0
"1040","ALBAIO",NA,1955,0.0267,0
"1041","ALBAIO",NA,1956,0.0437,0
"1042","ALBAIO",NA,1957,0.042,0
"1043","ALBAIO",NA,1958,0.0643,0
"1044","ALBAIO",NA,1959,0.112,0
"1045","ALBAIO",NA,1960,0.128,0
"1046","ALBAIO",NA,1961,0.17,0
"1047","ALBAIO",NA,1962,0.229,0
"1048","ALBAIO",NA,1963,0.169,0
"1049","ALBAIO",NA,1964,0.24,0
"1050","ALBAIO",NA,1965,0.154,0
"1051","ALBAIO",NA,1966,0.192,0
"1052","ALBAIO",NA,1967,0.278,0
"1053","ALBAIO",NA,1968,0.251,0
"1054","ALBAIO",NA,1969,0.284,0
"1055","ALBAIO",NA,1970,0.182,0
"1056","ALBAIO",NA,1971,0.166,0
"1057","ALBAIO",NA,1972,0.165,0
"1058","ALBAIO",NA,1973,0.31,0
"1059","ALBAIO",NA,1974,0.402,0
"1060","ALBAIO",NA,1975,0.146,0
"1061","ALBAIO",NA,1976,0.233,0
"1062","ALBAIO",NA,1977,0.171,0
"1063","ALBAIO",NA,1978,0.243,0
"1064","ALBAIO",NA,1979,0.251,0
"1065","ALBAIO",NA,1980,0.204,0
"1066","ALBAIO",NA,1981,0.227,0
"1067","ALBAIO",NA,1982,0.389,0
"1068","ALBAIO",NA,1983,0.312,0
"1069","ALBAIO",NA,1984,0.227,0
"1070","ALBAIO",NA,1985,0.158,0
"1071","ALBAIO",NA,1986,0.9,0
"1072","ALBAIO",NA,1987,0.818,0
"1073","ALBAIO",NA,1988,0.765,0
"1074","ALBAIO",NA,1989,0.652,0
"1075","ALBAIO",NA,1990,1.44,0
"1076","ALBAIO",NA,1991,0.671,0
"1077","ALBAIO",NA,1992,0.565,0
"1078","ALBAIO",NA,1993,0.412,0
"1079","ALBAIO",NA,1994,0.54,0
"1080","ALBAIO",NA,1995,0.527,0
"1081","ALBAIO",NA,1996,0.625,0
"1082","ALBAIO",NA,1997,0.711,0
"1083","ALBAIO",NA,1998,0.917,0
"1084","ALBAIO",NA,1999,0.885,0
"1085","ALBAIO",NA,2000,0.871,0
"1086","ALBAIO",NA,2001,1.11,0
"1087","ALBAIO",NA,2002,0.855,0
"1088","ALBAIO",NA,2003,0.668,0
"1089","ALBAIO",NA,2004,0.641,0
"1090","ALBAIO",NA,2005,0.578,0
"1091","ALBAIO",NA,2006,0.572,0
"1092","ALBAIO",NA,2007,0.671,0
"1093","ALBAIO",NA,2008,0.609,0
"1094","ALBAIO",NA,2009,0.776,0
"1095","ALBAIO",NA,2010,0.71,0
"1096","ALBAIO",NA,2011,0.649,0
"1097","ALBAIO",NA,2012,0.645,0
"1098","ALBAMED",NA,1980,0.064,0
"1099","ALBAMED",NA,1981,0.196,0
"1100","ALBAMED",NA,1982,0.175,0
"1101","ALBAMED",NA,1983,0.178,0
"1102","ALBAMED",NA,1984,0.52,0
"1103","ALBAMED",NA,1985,0.616,0
"1104","ALBAMED",NA,1986,0.53,0
"1105","ALBAMED",NA,1987,0.504,0
"1106","ALBAMED",NA,1988,0.516,0
"1107","ALBAMED",NA,1989,0.512,0
"1108","ALBAMED",NA,1990,0.234,0
"1109","ALBAMED",NA,1991,0.293,0
"1110","ALBAMED",NA,1992,0.282,0
"1111","ALBAMED",NA,1993,0.298,0
"1112","ALBAMED",NA,1994,0.196,0
"1113","ALBAMED",NA,1995,0.24,0
"1114","ALBAMED",NA,1996,0.468,0
"1115","ALBAMED",NA,1997,0.403,0
"1116","ALBAMED",NA,1998,0.401,0
"1117","ALBAMED",NA,1999,0.76,0
"1118","ALBAMED",NA,2000,0.836,0
"1119","ALBAMED",NA,2001,0.74,0
"1120","ALBAMED",NA,2002,0.931,0
"1121","ALBAMED",NA,2003,1.415,0
"1122","ALBAMED",NA,2004,1.012,0
"1123","ALBAMED",NA,2005,0.862,0
"1124","ALBAMED",NA,2006,1.615,0
"1125","ALBAMED",NA,2007,2.249,0
"1126","ALBAMED",NA,2008,1.241,0
"1127","ALBAMED",NA,2009,1.468,0
"1128","ALBAMED",NA,2010,0.812,0
"1129","ALBAMED",NA,2011,1.668,0
"1130","ALBAMED",NA,2012,0.886,0
"1131","ALBASPAC",NA,1960,0.05,0
"1132","ALBASPAC",NA,1961,0.06,0
"1133","ALBASPAC",NA,1962,0.07,0
"1134","ALBASPAC",NA,1963,0.05,0
"1135","ALBASPAC",NA,1964,0.05,0
"1136","ALBASPAC",NA,1965,0.065,0
"1137","ALBASPAC",NA,1966,0.07,0
"1138","ALBASPAC",NA,1967,0.08,0
"1139","ALBASPAC",NA,1968,0.07,0
"1140","ALBASPAC",NA,1969,0.06,0
"1141","ALBASPAC",NA,1970,0.06,0
"1142","ALBASPAC",NA,1971,0.07,0
"1143","ALBASPAC",NA,1972,0.08,0
"1144","ALBASPAC",NA,1973,0.08,0
"1145","ALBASPAC",NA,1974,0.1,0
"1146","ALBASPAC",NA,1975,0.08,0
"1147","ALBASPAC",NA,1976,0.082,0
"1148","ALBASPAC",NA,1977,0.07,0
"1149","ALBASPAC",NA,1978,0.08,0
"1150","ALBASPAC",NA,1979,0.1,0
"1151","ALBASPAC",NA,1980,0.1,0
"1152","ALBASPAC",NA,1981,0.06,0
"1153","ALBASPAC",NA,1982,0.08,0
"1154","ALBASPAC",NA,1983,0.09,0
"1155","ALBASPAC",NA,1984,0.11,0
"1156","ALBASPAC",NA,1985,0.07,0
"1157","ALBASPAC",NA,1986,0.08,0
"1158","ALBASPAC",NA,1987,0.1,0
"1159","ALBASPAC",NA,1988,0.08,0
"1160","ALBASPAC",NA,1989,0.07,0
"1161","ALBASPAC",NA,1990,0.1,0
"1162","ALBASPAC",NA,1991,0.1,0
"1163","ALBASPAC",NA,1992,0.11,0
"1164","ALBASPAC",NA,1993,0.12,0
"1165","ALBASPAC",NA,1994,0.27,0
"1166","ALBASPAC",NA,1995,0.17,0
"1167","ALBASPAC",NA,1996,0.14,0
"1168","ALBASPAC",NA,1997,0.13,0
"1169","ALBASPAC",NA,1998,0.12,0
"1170","ALBASPAC",NA,1999,0.16,0
"1171","ALBASPAC",NA,2000,0.13,0
"1172","ALBASPAC",NA,2001,0.12,0
"1173","ALBASPAC",NA,2002,0.12,0
"1174","ALBASPAC",NA,2003,0.12,0
"1175","ALBASPAC",NA,2004,0.16,0
"1176","ALBASPAC",NA,2005,0.18,0
"1177","ALBASPAC",NA,2006,0.14,0
"1178","ALBASPAC",NA,2007,0.273,0
"1179","ALBASPAC",NA,2008,0.25,0
"1180","ALBASPAC",NA,2009,0.2,0
"1181","ALBASPAC",NA,2010,0.2,0
"1182","ALBASPAC",NA,2011,0.25,0
"1183","ALBASPAC",NA,2012,0.18,0
"1184","BIGEYECWPAC",NA,1952,0.0341,0
"1185","BIGEYECWPAC",NA,1953,0.0322,0
"1186","BIGEYECWPAC",NA,1954,0.0244,0
"1187","BIGEYECWPAC",NA,1955,0.0353,0
"1188","BIGEYECWPAC",NA,1956,0.0391,0
"1189","BIGEYECWPAC",NA,1957,0.0535,0
"1190","BIGEYECWPAC",NA,1958,0.0736,0
"1191","BIGEYECWPAC",NA,1959,0.0678,0
"1192","BIGEYECWPAC",NA,1960,0.0756,0
"1193","BIGEYECWPAC",NA,1961,0.0736,0
"1194","BIGEYECWPAC",NA,1962,0.069,0
"1195","BIGEYECWPAC",NA,1963,0.0857,0
"1196","BIGEYECWPAC",NA,1964,0.0632,0
"1197","BIGEYECWPAC",NA,1965,0.0632,0
"1198","BIGEYECWPAC",NA,1966,0.0659,0
"1199","BIGEYECWPAC",NA,1967,0.0767,0
"1200","BIGEYECWPAC",NA,1968,0.0601,0
"1201","BIGEYECWPAC",NA,1969,0.0702,0
"1202","BIGEYECWPAC",NA,1970,0.0942,0
"1203","BIGEYECWPAC",NA,1971,0.0992,0
"1204","BIGEYECWPAC",NA,1972,0.116,0
"1205","BIGEYECWPAC",NA,1973,0.105,0
"1206","BIGEYECWPAC",NA,1974,0.128,0
"1207","BIGEYECWPAC",NA,1975,0.136,0
"1208","BIGEYECWPAC",NA,1976,0.137,0
"1209","BIGEYECWPAC",NA,1977,0.173,0
"1210","BIGEYECWPAC",NA,1978,0.15,0
"1211","BIGEYECWPAC",NA,1979,0.196,0
"1212","BIGEYECWPAC",NA,1980,0.184,0
"1213","BIGEYECWPAC",NA,1981,0.183,0
"1214","BIGEYECWPAC",NA,1982,0.198,0
"1215","BIGEYECWPAC",NA,1983,0.233,0
"1216","BIGEYECWPAC",NA,1984,0.247,0
"1217","BIGEYECWPAC",NA,1985,0.255,0
"1218","BIGEYECWPAC",NA,1986,0.254,0
"1219","BIGEYECWPAC",NA,1987,0.284,0
"1220","BIGEYECWPAC",NA,1988,0.255,0
"1221","BIGEYECWPAC",NA,1989,0.29,0
"1222","BIGEYECWPAC",NA,1990,0.365,0
"1223","BIGEYECWPAC",NA,1991,0.359,0
"1224","BIGEYECWPAC",NA,1992,0.374,0
"1225","BIGEYECWPAC",NA,1993,0.306,0
"1226","BIGEYECWPAC",NA,1994,0.389,0
"1227","BIGEYECWPAC",NA,1995,0.383,0
"1228","BIGEYECWPAC",NA,1996,0.424,0
"1229","BIGEYECWPAC",NA,1997,0.529,0
"1230","BIGEYECWPAC",NA,1998,0.679,0
"1231","BIGEYECWPAC",NA,1999,0.555,0
"1232","BIGEYECWPAC",NA,2000,0.529,0
"1233","BIGEYECWPAC",NA,2001,0.503,0
"1234","BIGEYECWPAC",NA,2002,0.62,0
"1235","BIGEYECWPAC",NA,2003,0.555,0
"1236","BIGEYECWPAC",NA,2004,0.772,0
"1237","BIGEYECWPAC",NA,2005,0.582,0
"1238","BIGEYECWPAC",NA,2006,0.635,0
"1239","BIGEYECWPAC",NA,2007,0.598,0
"1240","BIGEYECWPAC",NA,2008,0.614,0
"1241","BIGEYECWPAC",NA,2009,0.688,0
"1242","BIGEYECWPAC",NA,2010,0.617,0
"1243","BIGEYECWPAC",NA,2011,0.677,0
"1244","BIGEYECWPAC",NA,2012,0.648,0
"1245","BIGEYEIO",NA,1975,0.0571,0
"1246","BIGEYEIO",NA,1976,0.0466,0
"1247","BIGEYEIO",NA,1977,0.053,0
"1248","BIGEYEIO",NA,1978,0.0894,0
"1249","BIGEYEIO",NA,1979,0.0574,0
"1250","BIGEYEIO",NA,1980,0.0599,0
"1251","BIGEYEIO",NA,1981,0.0663,0
"1252","BIGEYEIO",NA,1982,0.0826,0
"1253","BIGEYEIO",NA,1983,0.114,0
"1254","BIGEYEIO",NA,1984,0.15,0
"1255","BIGEYEIO",NA,1985,0.191,0
"1256","BIGEYEIO",NA,1986,0.229,0
"1257","BIGEYEIO",NA,1987,0.253,0
"1258","BIGEYEIO",NA,1988,0.339,0
"1259","BIGEYEIO",NA,1989,0.337,0
"1260","BIGEYEIO",NA,1990,0.286,0
"1261","BIGEYEIO",NA,1991,0.331,0
"1262","BIGEYEIO",NA,1992,0.27,0
"1263","BIGEYEIO",NA,1993,0.339,0
"1264","BIGEYEIO",NA,1994,0.427,0
"1265","BIGEYEIO",NA,1995,0.578,0
"1266","BIGEYEIO",NA,1996,0.629,0
"1267","BIGEYEIO",NA,1997,0.838,0
"1268","BIGEYEIO",NA,1998,0.672,0
"1269","BIGEYEIO",NA,1999,0.9,0
"1270","BIGEYEIO",NA,2000,0.8,0
"1271","BIGEYEIO",NA,2001,0.65,0
"1272","BIGEYEIO",NA,2002,0.73,0
"1273","BIGEYEIO",NA,2003,0.55,0
"1274","BIGEYEIO",NA,2004,0.64,0
"1275","BIGEYEIO",NA,2005,0.64,0
"1276","BIGEYEIO",NA,2006,0.68,0
"1277","BIGEYEIO",NA,2007,0.75,0
"1278","BIGEYEIO",NA,2008,0.69,0
"1279","BIGEYEIO",NA,2009,0.72,0
"1280","BIGEYEIO",NA,2010,0.56,0
"1281","BIGEYEIO",NA,2011,0.58,0
"1282","BIGEYEIO",NA,2012,0.56,0
"1283","BLKMARLINIO",NA,1950,0.002,0
"1284","BLKMARLINIO",NA,1951,0.002,0
"1285","BLKMARLINIO",NA,1952,0.009,0
"1286","BLKMARLINIO",NA,1953,0.026,0
"1287","BLKMARLINIO",NA,1954,0.044,0
"1288","BLKMARLINIO",NA,1955,0.05,0
"1289","BLKMARLINIO",NA,1956,0.076,0
"1290","BLKMARLINIO",NA,1957,0.087,0
"1291","BLKMARLINIO",NA,1958,0.082,0
"1292","BLKMARLINIO",NA,1959,0.081,0
"1293","BLKMARLINIO",NA,1960,0.091,0
"1294","BLKMARLINIO",NA,1961,0.093,0
"1295","BLKMARLINIO",NA,1962,0.1,0
"1296","BLKMARLINIO",NA,1963,0.07,0
"1297","BLKMARLINIO",NA,1964,0.085,0
"1298","BLKMARLINIO",NA,1965,0.073,0
"1299","BLKMARLINIO",NA,1966,0.068,0
"1300","BLKMARLINIO",NA,1967,0.079,0
"1301","BLKMARLINIO",NA,1968,0.115,0
"1302","BLKMARLINIO",NA,1969,0.114,0
"1303","BLKMARLINIO",NA,1970,0.132,0
"1304","BLKMARLINIO",NA,1971,0.097,0
"1305","BLKMARLINIO",NA,1972,0.077,0
"1306","BLKMARLINIO",NA,1973,0.05,0
"1307","BLKMARLINIO",NA,1974,0.087,0
"1308","BLKMARLINIO",NA,1975,0.083,0
"1309","BLKMARLINIO",NA,1976,0.047,0
"1310","BLKMARLINIO",NA,1977,0.043,0
"1311","BLKMARLINIO",NA,1978,0.054,0
"1312","BLKMARLINIO",NA,1979,0.05,0
"1313","BLKMARLINIO",NA,1980,0.079,0
"1314","BLKMARLINIO",NA,1981,0.065,0
"1315","BLKMARLINIO",NA,1982,0.065,0
"1316","BLKMARLINIO",NA,1983,0.066,0
"1317","BLKMARLINIO",NA,1984,0.065,0
"1318","BLKMARLINIO",NA,1985,0.065,0
"1319","BLKMARLINIO",NA,1986,0.06,0
"1320","BLKMARLINIO",NA,1987,0.08,0
"1321","BLKMARLINIO",NA,1988,0.07,0
"1322","BLKMARLINIO",NA,1989,0.07,0
"1323","BLKMARLINIO",NA,1990,0.08,0
"1324","BLKMARLINIO",NA,1991,0.06,0
"1325","BLKMARLINIO",NA,1992,0.09,0
"1326","BLKMARLINIO",NA,1993,0.1,0
"1327","BLKMARLINIO",NA,1994,0.13,0
"1328","BLKMARLINIO",NA,1995,0.12,0
"1329","BLKMARLINIO",NA,1996,0.14,0
"1330","BLKMARLINIO",NA,1997,0.17,0
"1331","BLKMARLINIO",NA,1998,0.15,0
"1332","BLKMARLINIO",NA,1999,0.18,0
"1333","BLKMARLINIO",NA,2000,0.22,0
"1334","BLKMARLINIO",NA,2001,0.23,0
"1335","BLKMARLINIO",NA,2002,0.24,0
"1336","BLKMARLINIO",NA,2003,0.33,0
"1337","BLKMARLINIO",NA,2004,0.43,0
"1338","BLKMARLINIO",NA,2005,0.4,0
"1339","BLKMARLINIO",NA,2006,0.4,0
"1340","BLKMARLINIO",NA,2007,0.34,0
"1341","BLKMARLINIO",NA,2008,0.35,0
"1342","BLKMARLINIO",NA,2009,0.34,0
"1343","BLKMARLINIO",NA,2010,0.3,0
"1344","BLKMARLINIO",NA,2011,0.35,0
"1345","BLKMARLINIO",NA,2012,0.33,0
"1346","BLSHARIO",NA,1970,0.099,0
"1347","BLSHARIO",NA,1971,0.099,0
"1348","BLSHARIO",NA,1972,0.094,0
"1349","BLSHARIO",NA,1973,0.051,0
"1350","BLSHARIO",NA,1974,0.081,0
"1351","BLSHARIO",NA,1975,0.077,0
"1352","BLSHARIO",NA,1976,0.047,0
"1353","BLSHARIO",NA,1977,0.047,0
"1354","BLSHARIO",NA,1978,0.06,0
"1355","BLSHARIO",NA,1979,0.09,0
"1356","BLSHARIO",NA,1980,0.08,0
"1357","BLSHARIO",NA,1981,0.099,0
"1358","BLSHARIO",NA,1982,0.077,0
"1359","BLSHARIO",NA,1983,0.099,0
"1360","BLSHARIO",NA,1984,0.099,0
"1361","BLSHARIO",NA,1985,0.06,0
"1362","BLSHARIO",NA,1986,0.09,0
"1363","BLSHARIO",NA,1987,0.07,0
"1364","BLSHARIO",NA,1988,0.09,0
"1365","BLSHARIO",NA,1989,0.11,0
"1366","BLSHARIO",NA,1990,0.069,0
"1367","BLSHARIO",NA,1991,0.081,0
"1368","BLSHARIO",NA,1992,0.09,0
"1369","BLSHARIO",NA,1993,0.12,0
"1370","BLSHARIO",NA,1994,0.167,0
"1371","BLSHARIO",NA,1995,0.17,0
"1372","BLSHARIO",NA,1996,0.18,0
"1373","BLSHARIO",NA,1997,0.26,0
"1374","BLSHARIO",NA,1998,0.175,0
"1375","BLSHARIO",NA,1999,0.235,0
"1376","BLSHARIO",NA,2000,0.3,0
"1377","BLSHARIO",NA,2001,0.205,0
"1378","BLSHARIO",NA,2002,0.257,0
"1379","BLSHARIO",NA,2003,0.326,0
"1380","BLSHARIO",NA,2004,0.46,0
"1381","BLSHARIO",NA,2005,0.497,0
"1382","BLSHARIO",NA,2006,0.446,0
"1383","BLSHARIO",NA,2007,0.447,0
"1384","BLSHARIO",NA,2008,0.523,0
"1385","BLSHARIO",NA,2009,0.6,0
"1386","BLSHARIO",NA,2010,0.6,0
"1387","BLSHARIO",NA,2011,0.65,0
"1388","BLSHARIO",NA,2012,0.729,0
"1389","BLSHARNPAC",NA,1972,0.563,0
"1390","BLSHARNPAC",NA,1973,0.62,0
"1391","BLSHARNPAC",NA,1974,0.64,0
"1392","BLSHARNPAC",NA,1975,0.676,0
"1393","BLSHARNPAC",NA,1976,0.851,0
"1394","BLSHARNPAC",NA,1977,0.964,0
"1395","BLSHARNPAC",NA,1978,1.07,0
"1396","BLSHARNPAC",NA,1979,1.1,0
"1397","BLSHARNPAC",NA,1980,1.15,0
"1398","BLSHARNPAC",NA,1981,2.19,0
"1399","BLSHARNPAC",NA,1982,2.04,0
"1400","BLSHARNPAC",NA,1983,2.09,0
"1401","BLSHARNPAC",NA,1984,2.07,0
"1402","BLSHARNPAC",NA,1985,2.11,0
"1403","BLSHARNPAC",NA,1986,2.21,0
"1404","BLSHARNPAC",NA,1987,2.14,0
"1405","BLSHARNPAC",NA,1988,2.21,0
"1406","BLSHARNPAC",NA,1989,2.93,0
"1407","BLSHARNPAC",NA,1990,1.69,0
"1408","BLSHARNPAC",NA,1991,1.66,0
"1409","BLSHARNPAC",NA,1992,1.16,0
"1410","BLSHARNPAC",NA,1993,0.807,0
"1411","BLSHARNPAC",NA,1994,0.653,0
"1412","BLSHARNPAC",NA,1995,0.612,0
"1413","BLSHARNPAC",NA,1996,0.53,0
"1414","BLSHARNPAC",NA,1997,0.566,0
"1415","BLSHARNPAC",NA,1998,0.546,0
"1416","BLSHARNPAC",NA,1999,0.49,0
"1417","BLSHARNPAC",NA,2000,0.588,0
"1418","BLSHARNPAC",NA,2001,0.526,0
"1419","BLSHARNPAC",NA,2002,0.485,0
"1420","BLSHARNPAC",NA,2003,0.486,0
"1421","BLSHARNPAC",NA,2004,0.542,0
"1422","BLSHARNPAC",NA,2005,0.599,0
"1423","BLSHARNPAC",NA,2006,0.537,0
"1424","BLSHARNPAC",NA,2007,0.532,0
"1425","BLSHARNPAC",NA,2008,0.471,0
"1426","BLSHARNPAC",NA,2009,0.502,0
"1427","BLSHARNPAC",NA,2010,0.481,0
"1428","BLSHARNPAC",NA,2011,0.358,0
"1429","BLSHARNPAC",NA,2012,0.36,0
"1430","BMARLINIO",NA,1950,4.86e-05,0
"1431","BMARLINIO",NA,1951,0.00028,0
"1432","BMARLINIO",NA,1952,0.0197,0
"1433","BMARLINIO",NA,1953,0.0634,0
"1434","BMARLINIO",NA,1954,0.152,0
"1435","BMARLINIO",NA,1955,0.181,0
"1436","BMARLINIO",NA,1956,0.259,0
"1437","BMARLINIO",NA,1957,0.202,0
"1438","BMARLINIO",NA,1958,0.226,0
"1439","BMARLINIO",NA,1959,0.248,0
"1440","BMARLINIO",NA,1960,0.215,0
"1441","BMARLINIO",NA,1961,0.191,0
"1442","BMARLINIO",NA,1962,0.184,0
"1443","BMARLINIO",NA,1963,0.124,0
"1444","BMARLINIO",NA,1964,0.193,0
"1445","BMARLINIO",NA,1965,0.207,0
"1446","BMARLINIO",NA,1966,0.198,0
"1447","BMARLINIO",NA,1967,0.23,0
"1448","BMARLINIO",NA,1968,0.214,0
"1449","BMARLINIO",NA,1969,0.196,0
"1450","BMARLINIO",NA,1970,0.249,0
"1451","BMARLINIO",NA,1971,0.205,0
"1452","BMARLINIO",NA,1972,0.215,0
"1453","BMARLINIO",NA,1973,0.152,0
"1454","BMARLINIO",NA,1974,0.21,0
"1455","BMARLINIO",NA,1975,0.209,0
"1456","BMARLINIO",NA,1976,0.15,0
"1457","BMARLINIO",NA,1977,0.149,0
"1458","BMARLINIO",NA,1978,0.221,0
"1459","BMARLINIO",NA,1979,0.271,0
"1460","BMARLINIO",NA,1980,0.245,0
"1461","BMARLINIO",NA,1981,0.203,0
"1462","BMARLINIO",NA,1982,0.241,0
"1463","BMARLINIO",NA,1983,0.284,0
"1464","BMARLINIO",NA,1984,0.292,0
"1465","BMARLINIO",NA,1985,0.365,0
"1466","BMARLINIO",NA,1986,0.417,0
"1467","BMARLINIO",NA,1987,0.497,0
"1468","BMARLINIO",NA,1988,0.392,0
"1469","BMARLINIO",NA,1989,0.494,0
"1470","BMARLINIO",NA,1990,0.398,0
"1471","BMARLINIO",NA,1991,0.414,0
"1472","BMARLINIO",NA,1992,0.573,0
"1473","BMARLINIO",NA,1993,0.655,0
"1474","BMARLINIO",NA,1994,0.626,0
"1475","BMARLINIO",NA,1995,0.608,0
"1476","BMARLINIO",NA,1996,0.716,0
"1477","BMARLINIO",NA,1997,0.888,0
"1478","BMARLINIO",NA,1998,0.961,0
"1479","BMARLINIO",NA,1999,0.933,0
"1480","BMARLINIO",NA,2000,0.919,0
"1481","BMARLINIO",NA,2001,0.78,0
"1482","BMARLINIO",NA,2002,0.88,0
"1483","BMARLINIO",NA,2003,1.08,0
"1484","BMARLINIO",NA,2004,1.25,0
"1485","BMARLINIO",NA,2005,1.43,0
"1486","BMARLINIO",NA,2006,1.34,0
"1487","BMARLINIO",NA,2007,1.22,0
"1488","BMARLINIO",NA,2008,1.15,0
"1489","BMARLINIO",NA,2009,1.09,0
"1490","BMARLINIO",NA,2010,1.03,0
"1491","BMARLINIO",NA,2011,1.22,0
"1492","BMARLINIO",NA,2012,1.53,0
"1493","BMARLINPAC",NA,1972,0.35,0
"1494","BMARLINPAC",NA,1973,0.39,0
"1495","BMARLINPAC",NA,1974,0.38,0
"1496","BMARLINPAC",NA,1975,0.38,0
"1497","BMARLINPAC",NA,1976,0.45,0
"1498","BMARLINPAC",NA,1977,0.48,0
"1499","BMARLINPAC",NA,1978,0.55,0
"1500","BMARLINPAC",NA,1979,0.56,0
"1501","BMARLINPAC",NA,1980,0.58,0
"1502","BMARLINPAC",NA,1981,0.62,0
"1503","BMARLINPAC",NA,1982,0.64,0
"1504","BMARLINPAC",NA,1983,0.56,0
"1505","BMARLINPAC",NA,1984,0.7,0
"1506","BMARLINPAC",NA,1985,0.58,0
"1507","BMARLINPAC",NA,1986,0.71,0
"1508","BMARLINPAC",NA,1987,0.91,0
"1509","BMARLINPAC",NA,1988,0.76,0
"1510","BMARLINPAC",NA,1989,0.67,0
"1511","BMARLINPAC",NA,1990,0.57,0
"1512","BMARLINPAC",NA,1991,0.66,0
"1513","BMARLINPAC",NA,1992,0.71,0
"1514","BMARLINPAC",NA,1993,0.81,0
"1515","BMARLINPAC",NA,1994,0.76,0
"1516","BMARLINPAC",NA,1995,0.93,0
"1517","BMARLINPAC",NA,1996,0.56,0
"1518","BMARLINPAC",NA,1997,0.68,0
"1519","BMARLINPAC",NA,1998,0.67,0
"1520","BMARLINPAC",NA,1999,0.7,0
"1521","BMARLINPAC",NA,2000,0.77,0
"1522","BMARLINPAC",NA,2001,0.92,0
"1523","BMARLINPAC",NA,2002,0.99,0
"1524","BMARLINPAC",NA,2003,1.09,0
"1525","BMARLINPAC",NA,2004,1.04,0
"1526","BMARLINPAC",NA,2005,1.1,0
"1527","BMARLINPAC",NA,2006,1.05,0
"1528","BMARLINPAC",NA,2007,0.79,0
"1529","BMARLINPAC",NA,2008,0.76,0
"1530","BMARLINPAC",NA,2009,0.78,0
"1531","BMARLINPAC",NA,2010,0.76,0
"1532","BMARLINPAC",NA,2011,0.66,0
"1533","BMARLINPAC",NA,2012,0.74,0
"1534","OWTSHARCWPAC",NA,1972,1.57,0
"1535","OWTSHARCWPAC",NA,1973,1.55,0
"1536","OWTSHARCWPAC",NA,1974,1.55,0
"1537","OWTSHARCWPAC",NA,1975,1.55,0
"1538","OWTSHARCWPAC",NA,1976,1.56,0
"1539","OWTSHARCWPAC",NA,1977,1.56,0
"1540","OWTSHARCWPAC",NA,1978,1.57,0
"1541","OWTSHARCWPAC",NA,1979,1.55,0
"1542","OWTSHARCWPAC",NA,1980,1.54,0
"1543","OWTSHARCWPAC",NA,1981,1.52,0
"1544","OWTSHARCWPAC",NA,1982,1.49,0
"1545","OWTSHARCWPAC",NA,1983,1.48,0
"1546","OWTSHARCWPAC",NA,1984,1.46,0
"1547","OWTSHARCWPAC",NA,1985,1.43,0
"1548","OWTSHARCWPAC",NA,1986,1.39,0
"1549","OWTSHARCWPAC",NA,1987,1.36,0
"1550","OWTSHARCWPAC",NA,1988,1.31,0
"1551","OWTSHARCWPAC",NA,1989,1.27,0
"1552","OWTSHARCWPAC",NA,1990,1.22,0
"1553","OWTSHARCWPAC",NA,1991,1.18,0
"1554","OWTSHARCWPAC",NA,1992,1.13,0
"1555","OWTSHARCWPAC",NA,1993,1.1,0
"1556","OWTSHARCWPAC",NA,1994,1.09,0
"1557","OWTSHARCWPAC",NA,1995,1.08,0
"1558","OWTSHARCWPAC",NA,1996,1.12,0
"1559","OWTSHARCWPAC",NA,1997,1.16,0
"1560","OWTSHARCWPAC",NA,1998,1.21,0
"1561","OWTSHARCWPAC",NA,1999,1.27,0
"1562","OWTSHARCWPAC",NA,2000,1.32,0
"1563","OWTSHARCWPAC",NA,2001,1.37,0
"1564","OWTSHARCWPAC",NA,2002,1.42,0
"1565","OWTSHARCWPAC",NA,2003,1.46,0
"1566","OWTSHARCWPAC",NA,2004,1.5,0
"1567","OWTSHARCWPAC",NA,2005,1.53,0
"1568","OWTSHARCWPAC",NA,2006,1.55,0
"1569","OWTSHARCWPAC",NA,2007,1.56,0
"1570","OWTSHARCWPAC",NA,2008,1.56,0
"1571","OWTSHARCWPAC",NA,2009,1.58,0
"1572","OWTSHARCWPAC",NA,2010,1.6,0
"1573","OWTSHARCWPAC",NA,2011,1.62,0
"1574","OWTSHARCWPAC",NA,2012,1.63,0
"1575","SFMAKONPAC",NA,1975,0.538462,0
"1576","SFMAKONPAC",NA,1976,0.653846,0
"1577","SFMAKONPAC",NA,1977,0.730769,0
"1578","SFMAKONPAC",NA,1978,0.692308,0
"1579","SFMAKONPAC",NA,1979,0.730769,0
"1580","SFMAKONPAC",NA,1980,0.807692,0
"1581","SFMAKONPAC",NA,1981,1.346154,0
"1582","SFMAKONPAC",NA,1982,1.346154,0
"1583","SFMAKONPAC",NA,1983,1.307692,0
"1584","SFMAKONPAC",NA,1984,1.230769,0
"1585","SFMAKONPAC",NA,1985,1.230769,0
"1586","SFMAKONPAC",NA,1986,1.269231,0
"1587","SFMAKONPAC",NA,1987,1.346154,0
"1588","SFMAKONPAC",NA,1988,1.307692,0
"1589","SFMAKONPAC",NA,1989,1.538462,0
"1590","SFMAKONPAC",NA,1990,1.115385,0
"1591","SFMAKONPAC",NA,1991,1.076923,0
"1592","SFMAKONPAC",NA,1992,0.884615,0
"1593","SFMAKONPAC",NA,1993,0.576923,0
"1594","SFMAKONPAC",NA,1994,0.461538,0
"1595","SFMAKONPAC",NA,1995,0.461538,0
"1596","SFMAKONPAC",NA,1996,0.576923,0
"1597","SFMAKONPAC",NA,1997,0.5,0
"1598","SFMAKONPAC",NA,1998,0.423077,0
"1599","SFMAKONPAC",NA,1999,0.576923,0
"1600","SFMAKONPAC",NA,2000,0.576923,0
"1601","SFMAKONPAC",NA,2001,0.576923,0
"1602","SFMAKONPAC",NA,2002,0.538462,0
"1603","SFMAKONPAC",NA,2003,0.576923,0
"1604","SFMAKONPAC",NA,2004,0.730769,0
"1605","SFMAKONPAC",NA,2005,0.576923,0
"1606","SFMAKONPAC",NA,2006,0.615385,0
"1607","SFMAKONPAC",NA,2007,0.615385,0
"1608","SFMAKONPAC",NA,2008,0.587,0
"1609","SFMAKONPAC",NA,2009,0.623,0
"1610","SFMAKONPAC",NA,2010,0.655,0
"1611","SFMAKONPAC",NA,2011,0.651,0
"1612","SFMAKONPAC",NA,2012,0.567,0
"1613","SKJCIO",NA,1950,0.0131,0
"1614","SKJCIO",NA,1951,0.0131,0
"1615","SKJCIO",NA,1952,0.0131,0
"1616","SKJCIO",NA,1953,0.0131,0
"1617","SKJCIO",NA,1954,0.0131,0
"1618","SKJCIO",NA,1955,0.0131,0
"1619","SKJCIO",NA,1956,0.0131,0
"1620","SKJCIO",NA,1957,0.0175,0
"1621","SKJCIO",NA,1958,0.0175,0
"1622","SKJCIO",NA,1959,0.0175,0
"1623","SKJCIO",NA,1960,0.0175,0
"1624","SKJCIO",NA,1961,0.0204,0
"1625","SKJCIO",NA,1962,0.0175,0
"1626","SKJCIO",NA,1963,0.0204,0
"1627","SKJCIO",NA,1964,0.0204,0
"1628","SKJCIO",NA,1965,0.0321,0
"1629","SKJCIO",NA,1966,0.035,0
"1630","SKJCIO",NA,1967,0.0394,0
"1631","SKJCIO",NA,1968,0.035,0
"1632","SKJCIO",NA,1969,0.0394,0
"1633","SKJCIO",NA,1970,0.0423,0
"1634","SKJCIO",NA,1971,0.0423,0
"1635","SKJCIO",NA,1972,0.035,0
"1636","SKJCIO",NA,1973,0.0423,0
"1637","SKJCIO",NA,1974,0.0539,0
"1638","SKJCIO",NA,1975,0.0423,0
"1639","SKJCIO",NA,1976,0.0496,0
"1640","SKJCIO",NA,1977,0.0423,0
"1641","SKJCIO",NA,1978,0.0394,0
"1642","SKJCIO",NA,1979,0.0423,0
"1643","SKJCIO",NA,1980,0.0466,0
"1644","SKJCIO",NA,1981,0.0539,0
"1645","SKJCIO",NA,1982,0.0569,0
"1646","SKJCIO",NA,1983,0.0612,0
"1647","SKJCIO",NA,1984,0.105,0
"1648","SKJCIO",NA,1985,0.12,0
"1649","SKJCIO",NA,1986,0.137,0
"1650","SKJCIO",NA,1987,0.178,0
"1651","SKJCIO",NA,1988,0.192,0
"1652","SKJCIO",NA,1989,0.246,0
"1653","SKJCIO",NA,1990,0.236,0
"1654","SKJCIO",NA,1991,0.246,0
"1655","SKJCIO",NA,1992,0.29,0
"1656","SKJCIO",NA,1993,0.327,0
"1657","SKJCIO",NA,1994,0.37,0
"1658","SKJCIO",NA,1995,0.385,0
"1659","SKJCIO",NA,1996,0.397,0
"1660","SKJCIO",NA,1997,0.458,0
"1661","SKJCIO",NA,1998,0.523,0
"1662","SKJCIO",NA,1999,0.513,0
"1663","SKJCIO",NA,2000,0.487,0
"1664","SKJCIO",NA,2001,0.509,0
"1665","SKJCIO",NA,2002,0.538,0
"1666","SKJCIO",NA,2003,0.586,0
"1667","SKJCIO",NA,2004,0.589,0
"1668","SKJCIO",NA,2005,0.622,0
"1669","SKJCIO",NA,2006,0.723,0
"1670","SKJCIO",NA,2007,0.824,0
"1671","SKJCIO",NA,2008,0.863,0
"1672","SKJCIO",NA,2009,0.787,0
"1673","SKJCIO",NA,2010,0.762,0
"1674","SKJCIO",NA,2011,0.736,0
"1675","SKJCIO",NA,2012,0.776,0
"1676","SWORDIO",NA,1950,0.00103,0
"1677","SWORDIO",NA,1951,0.00138,0
"1678","SWORDIO",NA,1952,0.00409,0
"1679","SWORDIO",NA,1953,0.00323,0
"1680","SWORDIO",NA,1954,0.00662,0
"1681","SWORDIO",NA,1955,0.00815,0
"1682","SWORDIO",NA,1956,0.0151,0
"1683","SWORDIO",NA,1957,0.012,0
"1684","SWORDIO",NA,1958,0.0132,0
"1685","SWORDIO",NA,1959,0.0172,0
"1686","SWORDIO",NA,1960,0.0167,0
"1687","SWORDIO",NA,1961,0.0202,0
"1688","SWORDIO",NA,1962,0.0247,0
"1689","SWORDIO",NA,1963,0.0276,0
"1690","SWORDIO",NA,1964,0.0276,0
"1691","SWORDIO",NA,1965,0.0318,0
"1692","SWORDIO",NA,1966,0.0346,0
"1693","SWORDIO",NA,1967,0.0358,0
"1694","SWORDIO",NA,1968,0.0538,0
"1695","SWORDIO",NA,1969,0.0511,0
"1696","SWORDIO",NA,1970,0.0417,0
"1697","SWORDIO",NA,1971,0.0351,0
"1698","SWORDIO",NA,1972,0.0499,0
"1699","SWORDIO",NA,1973,0.0556,0
"1700","SWORDIO",NA,1974,0.0477,0
"1701","SWORDIO",NA,1975,0.0454,0
"1702","SWORDIO",NA,1976,0.0498,0
"1703","SWORDIO",NA,1977,0.0577,0
"1704","SWORDIO",NA,1978,0.0751,0
"1705","SWORDIO",NA,1979,0.066,0
"1706","SWORDIO",NA,1980,0.0602,0
"1707","SWORDIO",NA,1981,0.0894,0
"1708","SWORDIO",NA,1982,0.11,0
"1709","SWORDIO",NA,1983,0.114,0
"1710","SWORDIO",NA,1984,0.108,0
"1711","SWORDIO",NA,1985,0.126,0
"1712","SWORDIO",NA,1986,0.144,0
"1713","SWORDIO",NA,1987,0.162,0
"1714","SWORDIO",NA,1988,0.192,0
"1715","SWORDIO",NA,1989,0.131,0
"1716","SWORDIO",NA,1990,0.173,0
"1717","SWORDIO",NA,1991,0.235,0
"1718","SWORDIO",NA,1992,0.434,0
"1719","SWORDIO",NA,1993,0.655,0
"1720","SWORDIO",NA,1994,0.728,0
"1721","SWORDIO",NA,1995,0.949,0
"1722","SWORDIO",NA,1996,0.992,0
"1723","SWORDIO",NA,1997,1.03,0
"1724","SWORDIO",NA,1998,1.02,0
"1725","SWORDIO",NA,1999,0.93,0
"1726","SWORDIO",NA,2000,0.982,0
"1727","SWORDIO",NA,2001,1.01,0
"1728","SWORDIO",NA,2002,1.09,0
"1729","SWORDIO",NA,2003,0.943,0
"1730","SWORDIO",NA,2004,0.915,0
"1731","SWORDIO",NA,2005,1.04,0
"1732","SWORDIO",NA,2006,0.899,0
"1733","SWORDIO",NA,2007,0.803,0
"1734","SWORDIO",NA,2008,0.665,0
"1735","SWORDIO",NA,2009,0.528,0
"1736","SWORDIO",NA,2010,0.53,0
"1737","SWORDIO",NA,2011,0.49,0
"1738","SWORDIO",NA,2012,0.58,0
"1739","YFINCWPAC",NA,1952,0.00677,0
"1740","YFINCWPAC",NA,1953,0.00985,0
"1741","YFINCWPAC",NA,1954,0.00985,0
"1742","YFINCWPAC",NA,1955,0.00985,0
"1743","YFINCWPAC",NA,1956,0.00892,0
"1744","YFINCWPAC",NA,1957,0.0135,0
"1745","YFINCWPAC",NA,1958,0.016,0
"1746","YFINCWPAC",NA,1959,0.016,0
"1747","YFINCWPAC",NA,1960,0.0206,0
"1748","YFINCWPAC",NA,1961,0.0222,0
"1749","YFINCWPAC",NA,1962,0.0274,0
"1750","YFINCWPAC",NA,1963,0.0222,0
"1751","YFINCWPAC",NA,1964,0.0206,0
"1752","YFINCWPAC",NA,1965,0.0222,0
"1753","YFINCWPAC",NA,1966,0.0305,0
"1754","YFINCWPAC",NA,1967,0.0215,0
"1755","YFINCWPAC",NA,1968,0.0268,0
"1756","YFINCWPAC",NA,1969,0.0274,0
"1757","YFINCWPAC",NA,1970,0.0612,0
"1758","YFINCWPAC",NA,1971,0.0674,0
"1759","YFINCWPAC",NA,1972,0.0769,0
"1760","YFINCWPAC",NA,1973,0.096,0
"1761","YFINCWPAC",NA,1974,0.0991,0
"1762","YFINCWPAC",NA,1975,0.106,0
"1763","YFINCWPAC",NA,1976,0.0991,0
"1764","YFINCWPAC",NA,1977,0.12,0
"1765","YFINCWPAC",NA,1978,0.104,0
"1766","YFINCWPAC",NA,1979,0.122,0
"1767","YFINCWPAC",NA,1980,0.138,0
"1768","YFINCWPAC",NA,1981,0.15,0
"1769","YFINCWPAC",NA,1982,0.158,0
"1770","YFINCWPAC",NA,1983,0.176,0
"1771","YFINCWPAC",NA,1984,0.202,0
"1772","YFINCWPAC",NA,1985,0.205,0
"1773","YFINCWPAC",NA,1986,0.186,0
"1774","YFINCWPAC",NA,1987,0.218,0
"1775","YFINCWPAC",NA,1988,0.219,0
"1776","YFINCWPAC",NA,1989,0.25,0
"1777","YFINCWPAC",NA,1990,0.285,0
"1778","YFINCWPAC",NA,1991,0.307,0
"1779","YFINCWPAC",NA,1992,0.285,0
"1780","YFINCWPAC",NA,1993,0.269,0
"1781","YFINCWPAC",NA,1994,0.307,0
"1782","YFINCWPAC",NA,1995,0.321,0
"1783","YFINCWPAC",NA,1996,0.382,0
"1784","YFINCWPAC",NA,1997,0.448,0
"1785","YFINCWPAC",NA,1998,0.523,0
"1786","YFINCWPAC",NA,1999,0.586,0
"1787","YFINCWPAC",NA,2000,0.591,0
"1788","YFINCWPAC",NA,2001,0.609,0
"1789","YFINCWPAC",NA,2002,0.585,0
"1790","YFINCWPAC",NA,2003,0.686,0
"1791","YFINCWPAC",NA,2004,0.705,0
"1792","YFINCWPAC",NA,2005,0.669,0
"1793","YFINCWPAC",NA,2006,0.604,0
"1794","YFINCWPAC",NA,2007,0.628,0
"1795","YFINCWPAC",NA,2008,0.7,0
"1796","YFINCWPAC",NA,2009,0.638,0
"1797","YFINCWPAC",NA,2010,0.684,0
"1798","YFINCWPAC",NA,2011,0.691,0
"1799","YFINCWPAC",NA,2012,0.728,0
"1800","YFINEIO",NA,1950,0.01,0
"1801","YFINEIO",NA,1951,0.0109,0
"1802","YFINEIO",NA,1952,0.0122,0
"1803","YFINEIO",NA,1953,0.0134,0
"1804","YFINEIO",NA,1954,0.0205,0
"1805","YFINEIO",NA,1955,0.0325,0
"1806","YFINEIO",NA,1956,0.0399,0
"1807","YFINEIO",NA,1957,0.0292,0
"1808","YFINEIO",NA,1958,0.0251,0
"1809","YFINEIO",NA,1959,0.0243,0
"1810","YFINEIO",NA,1960,0.0282,0
"1811","YFINEIO",NA,1961,0.0301,0
"1812","YFINEIO",NA,1962,0.037,0
"1813","YFINEIO",NA,1963,0.0297,0
"1814","YFINEIO",NA,1964,0.0312,0
"1815","YFINEIO",NA,1965,0.0297,0
"1816","YFINEIO",NA,1966,0.0409,0
"1817","YFINEIO",NA,1967,0.0383,0
"1818","YFINEIO",NA,1968,0.0583,0
"1819","YFINEIO",NA,1969,0.0481,0
"1820","YFINEIO",NA,1970,0.0403,0
"1821","YFINEIO",NA,1971,0.0375,0
"1822","YFINEIO",NA,1972,0.049,0
"1823","YFINEIO",NA,1973,0.0564,0
"1824","YFINEIO",NA,1974,0.0588,0
"1825","YFINEIO",NA,1975,0.0616,0
"1826","YFINEIO",NA,1976,0.0731,0
"1827","YFINEIO",NA,1977,0.0934,0
"1828","YFINEIO",NA,1978,0.0736,0
"1829","YFINEIO",NA,1979,0.0727,0
"1830","YFINEIO",NA,1980,0.0841,0
"1831","YFINEIO",NA,1981,0.0859,0
"1832","YFINEIO",NA,1982,0.094,0
"1833","YFINEIO",NA,1983,0.0984,0
"1834","YFINEIO",NA,1984,0.145,0
"1835","YFINEIO",NA,1985,0.181,0
"1836","YFINEIO",NA,1986,0.193,0
"1837","YFINEIO",NA,1987,0.202,0
"1838","YFINEIO",NA,1988,0.25,0
"1839","YFINEIO",NA,1989,0.292,0
"1840","YFINEIO",NA,1990,0.282,0
"1841","YFINEIO",NA,1991,0.286,0
"1842","YFINEIO",NA,1992,0.427,0
"1843","YFINEIO",NA,1993,0.448,0
"1844","YFINEIO",NA,1994,0.544,0
"1845","YFINEIO",NA,1995,0.633,0
"1846","YFINEIO",NA,1996,0.578,0
"1847","YFINEIO",NA,1997,0.697,0
"1848","YFINEIO",NA,1998,0.532,0
"1849","YFINEIO",NA,1999,0.671,0
"1850","YFINEIO",NA,2000,0.597,0
"1851","YFINEIO",NA,2001,0.459,0
"1852","YFINEIO",NA,2002,0.504,0
"1853","YFINEIO",NA,2003,0.656,0
"1854","YFINEIO",NA,2004,0.763,0
"1855","YFINEIO",NA,2005,0.961,0
"1856","YFINEIO",NA,2006,0.941,0
"1857","YFINEIO",NA,2007,0.769,0
"1858","YFINEIO",NA,2008,0.802,0
"1859","YFINEIO",NA,2009,0.789,0
"1860","YFINEIO",NA,2010,0.883,0
"1861","YFINEIO",NA,2011,0.846,0
"1862","YFINEIO",NA,2012,0.933,0
